-- MySQL dump 10.13  Distrib 8.0.23, for Win64 (x86_64)
--
-- Host: localhost    Database: vk
-- ------------------------------------------------------
-- Server version	8.0.23

/*!40101 SET @OLD_CHARACTER_SET_CLIENT=@@CHARACTER_SET_CLIENT */;
/*!40101 SET @OLD_CHARACTER_SET_RESULTS=@@CHARACTER_SET_RESULTS */;
/*!40101 SET @OLD_COLLATION_CONNECTION=@@COLLATION_CONNECTION */;
/*!50503 SET NAMES utf8mb4 */;
/*!40103 SET @OLD_TIME_ZONE=@@TIME_ZONE */;
/*!40103 SET TIME_ZONE='+00:00' */;
/*!40014 SET @OLD_UNIQUE_CHECKS=@@UNIQUE_CHECKS, UNIQUE_CHECKS=0 */;
/*!40014 SET @OLD_FOREIGN_KEY_CHECKS=@@FOREIGN_KEY_CHECKS, FOREIGN_KEY_CHECKS=0 */;
/*!40101 SET @OLD_SQL_MODE=@@SQL_MODE, SQL_MODE='NO_AUTO_VALUE_ON_ZERO' */;
/*!40111 SET @OLD_SQL_NOTES=@@SQL_NOTES, SQL_NOTES=0 */;

--
-- Table structure for table `cities`
--

DROP TABLE IF EXISTS `cities`;
/*!40101 SET @saved_cs_client     = @@character_set_client */;
/*!50503 SET character_set_client = utf8mb4 */;
CREATE TABLE `cities` (
  `id` int unsigned NOT NULL AUTO_INCREMENT,
  `name` varchar(150) CHARACTER SET utf8mb4 COLLATE utf8mb4_unicode_ci NOT NULL,
  `country_id` int unsigned DEFAULT NULL,
  PRIMARY KEY (`id`)
) ENGINE=InnoDB AUTO_INCREMENT=101 DEFAULT CHARSET=utf8mb4 COLLATE=utf8mb4_unicode_ci;
/*!40101 SET character_set_client = @saved_cs_client */;

--
-- Dumping data for table `cities`
--

LOCK TABLES `cities` WRITE;
/*!40000 ALTER TABLE `cities` DISABLE KEYS */;
INSERT INTO `cities` VALUES (1,'Junehaven',1),(2,'West Evalyn',2),(3,'Mabelmouth',3),(4,'Reedbury',4),(5,'East Selmer',5),(6,'Wehnermouth',6),(7,'South Katrinebury',7),(8,'South Ebba',8),(9,'Port Lelah',9),(10,'North Daniellebury',10),(11,'Port Rita',11),(12,'West Noe',12),(13,'Lake Jonas',13),(14,'North Zena',14),(15,'Liaport',15),(16,'West Daphnee',16),(17,'Bayerfurt',17),(18,'Lake Naomiville',18),(19,'Runolfsdottirville',19),(20,'Millerview',20),(21,'Erdmanside',21),(22,'South Elmoshire',22),(23,'Denisview',23),(24,'East Brooksfurt',24),(25,'Lubowitzshire',25),(26,'Lowefort',26),(27,'Dorrisbury',27),(28,'Lake Karinefort',28),(29,'South Joe',29),(30,'Bartellhaven',30),(31,'Melbamouth',31),(32,'West Walterville',32),(33,'Muellerchester',33),(34,'Bethland',34),(35,'Lake Brielle',35),(36,'East Marilieside',36),(37,'Port Sydnishire',37),(38,'Port Tressieberg',38),(39,'Lake Kenton',39),(40,'Beahanstad',40),(41,'Port Alessia',41),(42,'West Jake',42),(43,'McGlynnview',43),(44,'Keltonmouth',44),(45,'Libbieland',45),(46,'Tillmanberg',46),(47,'North Marlee',47),(48,'Thielmouth',48),(49,'East Liabury',49),(50,'Janetland',50),(51,'Bartellberg',51),(52,'East Aishaborough',52),(53,'McKenziebury',53),(54,'Port Delphinefort',54),(55,'North Verla',55),(56,'Nolanmouth',56),(57,'Cummingsshire',57),(58,'Chayamouth',58),(59,'Elverahaven',59),(60,'East Jedhaven',60),(61,'Alizeport',61),(62,'Lake Elisafurt',62),(63,'North Elody',63),(64,'Joesphfort',64),(65,'Port Orrin',65),(66,'Lake Bethany',66),(67,'Boehmmouth',67),(68,'Lake Kianmouth',68),(69,'Walkerberg',69),(70,'New Russ',70),(71,'Schmitttown',71),(72,'Lake Victoria',72),(73,'Emardfort',73),(74,'New Ervin',74),(75,'East Deanbury',75),(76,'East Fionachester',76),(77,'Lake Cali',77),(78,'Theresiaside',78),(79,'Soniahaven',79),(80,'Franeckiton',80),(81,'Kleinton',81),(82,'South Juwan',82),(83,'Schultzland',83),(84,'Koeppburgh',84),(85,'Julienfurt',85),(86,'North Aryannafort',86),(87,'East Vanshire',87),(88,'New Rigobertoville',88),(89,'Spencerborough',89),(90,'West Ericafurt',90),(91,'Zenashire',91),(92,'Lake Angelitabury',92),(93,'Boehmton',93),(94,'West Arnulfoton',94),(95,'Ebbafurt',95),(96,'Collinshaven',96),(97,'East Reece',97),(98,'Buckridgeland',98),(99,'Loweport',99),(100,'Schummtown',100);
/*!40000 ALTER TABLE `cities` ENABLE KEYS */;
UNLOCK TABLES;

--
-- Table structure for table `communities`
--

DROP TABLE IF EXISTS `communities`;
/*!40101 SET @saved_cs_client     = @@character_set_client */;
/*!50503 SET character_set_client = utf8mb4 */;
CREATE TABLE `communities` (
  `id` int unsigned NOT NULL AUTO_INCREMENT COMMENT '╨Ш╨┤╨╡╨╜╤В╨╕╤Д╨╕╨║╨░╤В╨╛╤А ╤Б╤А╨╛╨║╨╕',
  `name` varchar(150) CHARACTER SET utf8mb4 COLLATE utf8mb4_unicode_ci NOT NULL COMMENT '╨Э╨░╨╖╨▓╨░╨╜╨╕╨╡ ╨│╤А╤Г╨┐╨┐╤Л',
  `created_at` datetime DEFAULT CURRENT_TIMESTAMP COMMENT '╨Т╤А╨╡╨╝╤П ╤Б╨╛╨╖╨┤╨░╨╜╨╕╤П ╤Б╤В╤А╨╛╨║╨╕',
  `updated_at` datetime DEFAULT CURRENT_TIMESTAMP ON UPDATE CURRENT_TIMESTAMP COMMENT '╨Т╤А╨╡╨╝╤П ╨╛╨▒╨╜╨╛╨▓╨╗╨╡╨╜╨╕╤П ╤Б╤В╤А╨╛╨║╨╕',
  PRIMARY KEY (`id`),
  UNIQUE KEY `name` (`name`)
) ENGINE=InnoDB AUTO_INCREMENT=32 DEFAULT CHARSET=utf8mb4 COLLATE=utf8mb4_unicode_ci COMMENT='╨У╤А╤Г╨┐╨┐╤Л';
/*!40101 SET character_set_client = @saved_cs_client */;

--
-- Dumping data for table `communities`
--

LOCK TABLES `communities` WRITE;
/*!40000 ALTER TABLE `communities` DISABLE KEYS */;
INSERT INTO `communities` VALUES (1,'\"Likers\"','2020-07-22 11:20:01','2021-05-02 13:10:48'),(2,' \"Donkeys\"','2012-11-08 10:15:02','2013-02-15 11:53:19'),(3,' \"Monkeys\"','2015-07-25 23:22:31','2017-04-11 21:42:10'),(4,'Friends','2021-05-02 13:16:11','2021-05-02 13:16:11'),(5,'Tolkinists','2021-05-02 13:16:11','2021-05-02 13:16:11'),(6,'Cat lovers','2021-05-02 13:16:11','2021-05-02 13:16:11'),(7,'Ikons','2021-05-02 13:16:11','2021-05-02 13:16:11'),(8,'Friends1','2021-05-02 13:17:02','2021-05-02 13:17:02'),(9,'Tolkinists1','2021-05-02 13:17:02','2021-05-02 13:17:02'),(10,'Cat lovers1','2021-05-02 13:17:02','2021-05-02 13:17:02'),(11,'Ikons1','2021-05-02 13:17:02','2021-05-02 13:17:02'),(12,'Friends2','2021-05-02 13:17:13','2021-05-02 13:17:13'),(13,'Tolkinists2','2021-05-02 13:17:13','2021-05-02 13:17:13'),(14,'Cat lovers2','2021-05-02 13:17:13','2021-05-02 13:17:13'),(15,'Ikons2','2021-05-02 13:17:13','2021-05-02 13:17:13'),(16,'Friends3','2021-05-02 13:18:34','2021-05-02 13:18:34'),(17,'Tolkinists3','2021-05-02 13:18:34','2021-05-02 13:18:34'),(18,'Cat lovers3','2021-05-02 13:18:34','2021-05-02 13:18:34'),(19,'Ikons3','2021-05-02 13:18:34','2021-05-02 13:18:34'),(20,'Frie','2021-05-02 13:18:56','2021-05-02 13:18:56'),(21,'Tolkin','2021-05-02 13:18:56','2021-05-02 13:18:56'),(22,'Cats','2021-05-02 13:18:56','2021-05-02 13:18:56'),(23,'Ikos','2021-05-02 13:18:56','2021-05-02 13:18:56'),(24,'1Frie','2021-05-02 13:20:35','2021-05-02 13:20:35'),(25,'1Tolkin','2021-05-02 13:20:35','2021-05-02 13:20:35'),(26,'1Cats','2021-05-02 13:20:35','2021-05-02 13:20:35'),(27,'1Ikos','2021-05-02 13:20:35','2021-05-02 13:20:35'),(28,'2Frie','2021-05-02 13:20:44','2021-05-02 13:20:44'),(29,'3Tolkin','2021-05-02 13:20:44','2021-05-02 13:20:44'),(30,'4Cats','2021-05-02 13:20:44','2021-05-02 13:20:44'),(31,'5Ikos','2021-05-02 13:20:44','2021-05-02 13:20:44');
/*!40000 ALTER TABLE `communities` ENABLE KEYS */;
UNLOCK TABLES;

--
-- Table structure for table `communities_users`
--

DROP TABLE IF EXISTS `communities_users`;
/*!40101 SET @saved_cs_client     = @@character_set_client */;
/*!50503 SET character_set_client = utf8mb4 */;
CREATE TABLE `communities_users` (
  `community_id` int unsigned NOT NULL COMMENT '╨б╤Б╤Л╨╗╨║╨░ ╨╜╨░ ╨│╤А╤Г╨┐╨┐╤Г',
  `user_id` int unsigned NOT NULL COMMENT '╨б╤Б╤Л╨╗╨║╨░ ╨╜╨░ ╨┐╨╛╨╗╤М╨╖╨╛╨▓╨░╤В╨╡╨╗╤П',
  `created_at` datetime DEFAULT CURRENT_TIMESTAMP COMMENT '╨Т╤А╨╡╨╝╤П ╤Б╨╛╨╖╨┤╨░╨╜╨╕╤П ╤Б╤В╤А╨╛╨║╨╕',
  PRIMARY KEY (`community_id`,`user_id`) COMMENT '╨б╨╛╤Б╤В╨░╨▓╨╜╨╛╨╣ ╨┐╨╡╤А╨▓╨╕╤З╨╜╤Л╨╣ ╨║╨╗╤О╤З'
) ENGINE=InnoDB DEFAULT CHARSET=utf8mb4 COLLATE=utf8mb4_unicode_ci COMMENT='╨г╤З╨░╤Б╤В╨╜╨╕╨║╨╕ ╨│╤А╤Г╨┐╨┐, ╤Б╨▓╤П╨╖╤М ╨╝╨╡╨╢╨┤╤Г ╨┐╨╛╨╗╤М╨╖╨╛╨▓╨░╤В╨╡╨╗╤П╨╝╨╕ ╨╕ ╨│╤А╤Г╨┐╨┐╨░╨╝╨╕';
/*!40101 SET character_set_client = @saved_cs_client */;

--
-- Dumping data for table `communities_users`
--

LOCK TABLES `communities_users` WRITE;
/*!40000 ALTER TABLE `communities_users` DISABLE KEYS */;
INSERT INTO `communities_users` VALUES (1,16,'2020-03-09 05:45:06'),(2,77,'2013-08-23 07:42:21'),(2,84,'2017-08-26 09:12:15'),(2,97,'2016-07-20 10:32:51'),(3,1,'2016-05-04 03:02:56'),(3,46,'2012-11-02 21:03:29'),(5,93,'2018-08-11 15:54:24'),(6,4,'2012-08-09 00:46:16'),(6,5,'2012-04-11 20:12:40'),(6,7,'2012-09-23 22:57:47'),(6,14,'2018-09-20 09:42:43'),(6,26,'2015-09-11 03:31:02'),(6,41,'2011-10-30 06:38:41'),(6,70,'2019-05-10 06:39:04'),(6,94,'2012-08-03 03:41:10'),(7,30,'2018-09-30 11:52:14'),(7,83,'2018-06-03 04:03:48'),(7,90,'2015-05-13 23:40:11'),(7,98,'2019-01-03 04:22:07'),(8,56,'2016-02-15 01:46:41'),(8,87,'2012-06-27 11:18:56'),(8,93,'2011-09-23 10:10:55'),(9,11,'2016-08-09 06:50:27'),(9,16,'2019-12-01 17:54:27'),(9,27,'2012-05-26 08:13:42'),(9,48,'2019-06-17 06:55:44'),(9,67,'2015-11-11 09:59:16'),(10,3,'2015-10-31 00:46:37'),(10,25,'2015-09-25 22:15:16'),(10,63,'2018-01-25 13:36:03'),(10,80,'2015-10-13 16:23:42'),(11,46,'2014-12-14 06:41:53'),(11,73,'2013-01-24 00:05:58'),(11,74,'2019-09-15 20:36:03'),(12,10,'2016-02-19 15:25:28'),(12,78,'2018-10-06 23:24:18'),(13,10,'2013-09-27 01:48:21'),(13,67,'2019-04-09 12:26:16'),(13,72,'2015-03-11 10:32:37'),(14,18,'2020-10-17 13:42:14'),(14,32,'2014-09-14 03:57:18'),(14,33,'2015-11-09 19:24:02'),(14,38,'2020-02-09 10:21:22'),(15,1,'2016-03-07 15:14:15'),(15,73,'2018-03-17 01:46:56'),(15,91,'2013-02-16 11:02:41'),(16,11,'2012-12-02 03:47:24'),(16,12,'2016-11-23 17:55:44'),(16,44,'2013-04-04 07:56:56'),(16,60,'2021-04-06 11:03:41'),(16,80,'2019-12-08 21:38:38'),(16,100,'2016-07-18 17:27:23'),(17,22,'2016-05-08 19:20:22'),(17,50,'2016-01-16 23:27:46'),(17,80,'2013-01-08 08:24:57'),(18,31,'2018-07-13 16:35:15'),(18,62,'2013-04-05 00:52:44'),(18,87,'2020-11-15 13:39:55'),(19,35,'2015-04-08 04:31:05'),(19,46,'2015-07-25 06:04:28'),(20,75,'2016-02-25 15:08:25'),(20,99,'2019-01-28 01:24:49'),(21,5,'2015-05-25 05:10:23'),(21,29,'2017-12-06 18:00:16'),(21,33,'2012-05-23 08:45:29'),(21,99,'2017-07-05 18:31:40'),(22,8,'2014-08-25 09:05:59'),(22,16,'2018-01-25 16:53:26'),(22,26,'2014-03-09 00:11:42'),(22,53,'2017-01-10 03:31:17'),(22,56,'2015-02-14 12:19:39'),(22,95,'2013-09-07 20:36:54'),(23,27,'2020-05-31 13:57:17'),(23,30,'2016-09-02 21:53:49'),(23,45,'2013-12-15 00:59:31'),(23,50,'2020-01-05 00:51:09'),(23,89,'2020-01-25 09:12:09'),(24,13,'2018-04-12 11:33:49'),(24,64,'2011-10-12 04:50:23'),(25,12,'2014-09-10 01:57:12'),(25,76,'2015-11-14 10:08:01'),(26,10,'2017-06-12 21:27:46'),(26,25,'2018-10-14 11:36:25'),(26,83,'2017-09-18 22:36:20'),(27,37,'2015-08-23 07:23:24'),(27,83,'2018-09-18 06:32:13'),(28,38,'2017-03-11 16:30:22'),(28,59,'2020-06-16 04:01:01'),(28,71,'2016-08-07 01:42:21'),(29,20,'2020-03-04 09:57:41'),(29,71,'2012-06-09 02:33:23'),(29,76,'2019-01-10 14:01:27'),(30,72,'2014-08-20 17:13:41'),(31,13,'2015-09-03 03:48:53'),(31,29,'2014-11-03 11:00:07'),(31,59,'2016-12-31 07:00:47'),(31,64,'2012-04-10 08:00:01'),(31,65,'2011-07-01 15:54:29'),(31,70,'2014-01-30 19:59:38'),(31,90,'2013-12-06 04:08:20');
/*!40000 ALTER TABLE `communities_users` ENABLE KEYS */;
UNLOCK TABLES;

--
-- Table structure for table `countries`
--

DROP TABLE IF EXISTS `countries`;
/*!40101 SET @saved_cs_client     = @@character_set_client */;
/*!50503 SET character_set_client = utf8mb4 */;
CREATE TABLE `countries` (
  `id` int unsigned NOT NULL AUTO_INCREMENT,
  `name` varchar(150) COLLATE utf8mb4_unicode_ci DEFAULT NULL,
  PRIMARY KEY (`id`),
  UNIQUE KEY `name` (`name`)
) ENGINE=InnoDB AUTO_INCREMENT=101 DEFAULT CHARSET=utf8mb4 COLLATE=utf8mb4_unicode_ci;
/*!40101 SET character_set_client = @saved_cs_client */;

--
-- Dumping data for table `countries`
--

LOCK TABLES `countries` WRITE;
/*!40000 ALTER TABLE `countries` DISABLE KEYS */;
INSERT INTO `countries` VALUES (90,'Afghanistan'),(11,'Albania'),(96,'Armenia'),(46,'Azerbaijan'),(16,'Bangladesh'),(4,'Belarus'),(26,'Belgium'),(3,'Bermuda'),(12,'Brazil'),(92,'British Virgin Islands'),(59,'Burundi'),(62,'Canada'),(57,'Cape Verde'),(74,'Central African Republic'),(55,'Chile'),(97,'Colombia'),(24,'Congo'),(34,'Costa Rica'),(69,'Croatia'),(9,'Cuba'),(10,'Czech Republic'),(7,'Djibouti'),(63,'Ecuador'),(76,'Ethiopia'),(28,'Faroe Islands'),(29,'Finland'),(71,'France'),(80,'French Guiana'),(54,'French Polynesia'),(43,'Georgia'),(93,'Ghana'),(60,'Greece'),(39,'Grenada'),(91,'Guadeloupe'),(75,'Iceland'),(50,'India'),(18,'Indonesia'),(58,'Israel'),(87,'Jamaica'),(45,'Japan'),(20,'Jersey'),(41,'Kazakhstan'),(68,'Kuwait'),(82,'Kyrgyz Republic'),(36,'Lao People\'s Democratic Republic'),(37,'Lesotho'),(2,'Liberia'),(40,'Macedonia'),(88,'Maldives'),(25,'Malta'),(32,'Marshall Islands'),(33,'Mauritius'),(21,'Monaco'),(66,'Montenegro'),(84,'N.Cuba'),(99,'N.Ghana'),(19,'N.Saint Vincent and the Grenadines'),(48,'N.v'),(5,'N.Zambia'),(23,'Netherlands Antilles'),(30,'New Zealand'),(51,'Nicaragua'),(53,'Niger'),(42,'Niue'),(61,'Norfolk Island'),(94,'Norway'),(31,'Panama'),(67,'Peru'),(17,'Puerto Rico'),(85,'Romania'),(100,'S.Azerbaijan'),(83,'S.Brazil'),(64,'S.Costa Rica'),(89,'S.Cuba'),(98,'S.Faroe Islands'),(81,'S.Iceland'),(70,'S.Indonesia'),(77,'S.Jersey'),(78,'S.Kazakhstan'),(73,'S.Lesotho'),(95,'S.Niue'),(72,'S.Saudi Arabia'),(86,'S.Taiwan'),(52,'Saint Kitts and Nevis'),(14,'Saint Vincent and the Grenadines'),(44,'Saudi Arabia'),(35,'Slovenia'),(49,'Somalia'),(79,'South Africa'),(13,'Sudan'),(6,'Switzerland'),(65,'Taiwan'),(27,'Tanzania'),(8,'Tonga'),(38,'Trinidad and Tobago'),(47,'Turkey'),(22,'Tuvalu'),(15,'United Kingdom'),(56,'Uruguay'),(1,'Zambia');
/*!40000 ALTER TABLE `countries` ENABLE KEYS */;
UNLOCK TABLES;

--
-- Table structure for table `friendship`
--

DROP TABLE IF EXISTS `friendship`;
/*!40101 SET @saved_cs_client     = @@character_set_client */;
/*!50503 SET character_set_client = utf8mb4 */;
CREATE TABLE `friendship` (
  `user_id` int unsigned NOT NULL COMMENT '╨б╤Б╤Л╨╗╨║╨░ ╨╜╨░ ╨╕╨╜╨╕╤Ж╨╕╨░╤В╨╛╤А╨░ ╨┤╤А╤Г╨╢╨╡╤Б╨║╨╕╤Е ╨╛╤В╨╜╨╛╤И╨╡╨╜╨╕╨╣',
  `friend_id` int unsigned NOT NULL COMMENT '╨б╤Б╤Л╨╗╨║╨░ ╨╜╨░ ╨┐╨╛╨╗╤Г╤З╨░╤В╨╡╨╗╤П ╨┐╤А╨╕╨│╨╗╨░╤И╨╡╨╜╨╕╤П ╨┤╤А╤Г╨╢╨╕╤В╤М',
  `friendship_status_id` int unsigned NOT NULL COMMENT '╨б╤Б╤Л╨╗╨║╨░ ╨╜╨░ ╤Б╤В╨░╤В╤Г╤Б (╤В╨╡╨║╤Г╤Й╨╡╨╡ ╤Б╨╛╤Б╤В╨╛╤П╨╜╨╕╨╡) ╨╛╤В╨╜╨╛╤И╨╡╨╜╨╕╨╣',
  `confirmed_at` datetime DEFAULT NULL COMMENT '╨Т╤А╨╡╨╝╤П ╨┐╨╛╨┤╤В╨▓╨╡╤А╨╢╨┤╨╡╨╜╨╕╤П ╨┐╤А╨╕╨│╨╗╨░╤И╨╡╨╜╨╕╤П',
  `created_at` datetime DEFAULT CURRENT_TIMESTAMP COMMENT '╨Т╤А╨╡╨╝╤П ╤Б╨╛╨╖╨┤╨░╨╜╨╕╤П ╤Б╤В╤А╨╛╨║╨╕',
  `updated_at` datetime DEFAULT CURRENT_TIMESTAMP ON UPDATE CURRENT_TIMESTAMP COMMENT '╨Т╤А╨╡╨╝╤П ╨╛╨▒╨╜╨╛╨▓╨╗╨╡╨╜╨╕╤П ╤Б╤В╤А╨╛╨║╨╕',
  PRIMARY KEY (`user_id`,`friend_id`) COMMENT '╨б╨╛╤Б╤В╨░╨▓╨╜╨╛╨╣ ╨┐╨╡╤А╨▓╨╕╤З╨╜╤Л╨╣ ╨║╨╗╤О╤З'
) ENGINE=InnoDB DEFAULT CHARSET=utf8mb4 COLLATE=utf8mb4_unicode_ci COMMENT='╨в╨░╨▒╨╗╨╕╤Ж╨░ ╨┤╤А╤Г╨╢╨▒╤Л';
/*!40101 SET character_set_client = @saved_cs_client */;

--
-- Dumping data for table `friendship`
--

LOCK TABLES `friendship` WRITE;
/*!40000 ALTER TABLE `friendship` DISABLE KEYS */;
INSERT INTO `friendship` VALUES (3,17,1,NULL,'2012-11-05 03:45:55','2021-05-02 13:07:46'),(4,70,3,NULL,'2012-12-12 19:12:52','2021-05-02 13:07:46'),(4,95,1,NULL,'2014-04-12 09:42:11','2021-05-02 13:07:46'),(5,19,2,'2021-05-02 12:55:46','2015-04-15 12:38:05','2021-05-02 13:02:47'),(5,62,2,'2021-02-17 17:10:27','2012-02-22 01:01:09','2021-05-02 12:51:45'),(8,34,2,'2021-05-02 12:55:46','2014-04-10 14:29:57','2021-05-02 12:55:46'),(8,52,2,'2013-10-13 22:32:05','2012-01-21 09:24:16','2021-05-02 13:02:47'),(9,31,3,NULL,'2017-06-15 00:20:13','2021-05-02 13:07:46'),(11,23,1,NULL,'2017-10-26 12:25:13','2021-05-02 13:07:46'),(13,18,3,NULL,'2013-04-04 06:40:14','2021-05-02 13:07:46'),(13,69,3,NULL,'2013-04-06 12:30:41','2021-05-02 13:07:46'),(14,20,1,NULL,'2017-04-28 00:51:16','2021-05-02 13:07:46'),(16,48,3,NULL,'2014-04-16 09:08:53','2021-05-02 13:07:46'),(19,65,3,NULL,'2013-08-07 19:17:05','2021-05-02 13:07:46'),(20,1,3,NULL,'2012-01-08 22:51:00','2021-05-02 13:07:46'),(20,4,1,NULL,'2017-11-03 07:35:44','2021-05-02 13:07:46'),(21,8,2,'2020-10-11 10:55:50','2020-08-04 18:48:08','2021-05-02 12:51:45'),(22,58,1,NULL,'2018-06-09 20:38:37','2021-05-02 13:07:46'),(23,42,2,'2021-05-02 12:55:46','2020-01-18 15:41:12','2021-05-02 13:02:47'),(23,89,2,'2021-05-02 12:55:46','2015-09-30 08:13:10','2021-05-02 13:02:47'),(26,31,1,NULL,'2017-06-20 02:44:18','2021-05-02 13:07:46'),(27,17,3,NULL,'2016-11-23 22:50:51','2021-05-02 13:07:46'),(27,41,2,'2021-05-02 12:55:46','2017-10-28 05:44:50','2021-05-02 12:55:46'),(27,43,1,NULL,'2012-10-02 22:54:07','2021-05-02 13:07:46'),(28,10,2,'2017-09-21 11:43:57','2011-09-01 02:22:50','2021-05-02 13:02:47'),(31,32,2,'2021-02-13 07:35:50','2017-08-05 04:00:30','2021-05-02 13:02:47'),(33,34,1,NULL,'2018-03-30 11:30:15','2021-05-02 13:07:46'),(34,21,2,'2021-05-02 12:55:46','2018-10-07 23:35:00','2021-05-02 13:02:47'),(34,77,2,'2021-05-02 12:55:46','2019-03-29 13:55:23','2021-05-02 13:02:47'),(35,60,3,NULL,'2014-08-13 15:06:16','2021-05-02 13:07:46'),(35,66,3,NULL,'2013-11-03 01:18:06','2021-05-02 13:07:46'),(36,13,3,NULL,'2020-08-23 22:16:06','2021-05-02 13:07:46'),(36,66,1,NULL,'2012-05-18 08:55:02','2021-05-02 13:07:46'),(37,65,1,NULL,'2013-11-17 23:50:44','2021-05-02 13:07:46'),(37,77,3,NULL,'2012-11-03 08:30:56','2021-05-02 13:07:46'),(39,36,3,NULL,'2015-07-08 08:01:04','2021-05-02 13:07:46'),(40,57,1,NULL,'2020-08-21 14:52:24','2021-05-02 13:07:46'),(41,11,3,NULL,'2019-05-27 16:07:30','2021-05-02 13:07:46'),(41,78,2,'2021-05-02 12:55:46','2014-08-31 07:44:30','2021-05-02 12:55:46'),(42,44,1,NULL,'2013-10-13 13:04:36','2021-05-02 13:07:46'),(43,14,2,'2017-11-27 15:28:26','2016-10-18 05:30:22','2021-05-02 12:51:45'),(43,54,3,NULL,'2017-10-27 18:31:28','2021-05-02 13:07:46'),(44,55,3,NULL,'2019-08-25 06:19:37','2021-05-02 13:07:46'),(45,24,3,NULL,'2019-12-26 04:11:28','2021-05-02 13:07:46'),(47,33,3,NULL,'2015-08-06 04:29:21','2021-05-02 13:07:46'),(49,81,1,NULL,'2019-05-04 10:46:14','2021-05-02 13:07:46'),(49,89,2,'2021-05-02 12:55:46','2021-01-14 15:00:16','2021-05-02 12:55:46'),(50,72,2,'2020-04-02 15:57:01','2018-09-19 18:53:44','2021-05-02 12:51:45'),(52,98,2,'2014-05-30 18:59:24','2011-07-02 17:02:32','2021-05-02 12:51:45'),(54,76,3,NULL,'2016-03-01 22:17:05','2021-05-02 13:07:46'),(55,16,1,NULL,'2014-11-25 21:28:54','2021-05-02 13:07:46'),(55,39,3,NULL,'2011-10-17 16:03:41','2021-05-02 13:07:46'),(57,40,3,NULL,'2021-01-17 07:12:19','2021-05-02 13:07:46'),(57,51,2,'2019-05-14 17:31:33','2015-02-06 04:54:00','2021-05-02 12:51:45'),(57,75,1,NULL,'2014-08-14 18:10:24','2021-05-02 13:07:46'),(58,67,1,NULL,'2020-12-05 18:57:46','2021-05-02 13:07:46'),(61,4,3,NULL,'2013-09-09 05:17:20','2021-05-02 13:07:46'),(64,32,2,'2016-09-30 13:08:10','2013-04-21 07:30:50','2021-05-02 12:51:45'),(64,88,3,NULL,'2017-08-13 22:48:29','2021-05-02 13:07:46'),(64,99,1,NULL,'2018-10-19 23:43:40','2021-05-02 13:07:46'),(65,15,1,NULL,'2015-01-28 07:08:18','2021-05-02 13:07:46'),(66,7,1,NULL,'2013-02-20 20:12:17','2021-05-02 13:07:46'),(66,59,1,NULL,'2013-05-29 11:28:02','2021-05-02 13:07:46'),(67,40,3,NULL,'2017-03-05 20:41:13','2021-05-02 13:07:46'),(67,62,2,'2018-08-05 21:41:56','2011-08-20 20:05:07','2021-05-02 12:51:45'),(68,2,2,'2016-04-06 14:34:47','2014-03-15 12:31:27','2021-05-02 13:02:47'),(68,41,3,NULL,'2016-01-26 12:33:12','2021-05-02 13:07:46'),(68,44,3,NULL,'2013-10-30 01:34:14','2021-05-02 13:07:46'),(68,74,1,NULL,'2011-10-16 07:21:52','2021-05-02 13:07:46'),(70,49,2,'2021-05-02 12:55:46','2017-01-02 23:29:38','2021-05-02 12:55:46'),(73,32,3,NULL,'2013-11-23 04:35:36','2021-05-02 13:07:46'),(74,80,3,NULL,'2014-06-20 04:24:29','2021-05-02 13:07:46'),(75,33,2,'2019-08-08 21:20:45','2017-04-27 16:35:47','2021-05-02 13:02:47'),(75,42,3,NULL,'2012-10-14 05:00:59','2021-05-02 13:07:46'),(76,50,2,'2021-05-02 12:55:46','2017-11-21 00:31:33','2021-05-02 13:02:47'),(77,32,1,NULL,'2011-09-30 02:01:53','2021-05-02 13:07:46'),(78,23,3,NULL,'2012-03-07 01:45:17','2021-05-02 13:07:46'),(78,64,3,NULL,'2020-07-22 15:19:59','2021-05-02 13:07:46'),(79,50,1,NULL,'2016-12-19 13:06:31','2021-05-02 13:07:46'),(79,65,3,NULL,'2012-11-19 21:21:25','2021-05-02 13:07:46'),(80,22,3,NULL,'2011-08-03 04:22:41','2021-05-02 13:07:46'),(80,32,2,'2021-05-02 12:55:46','2016-02-08 12:30:58','2021-05-02 12:55:46'),(80,43,2,'2021-05-02 12:55:46','2015-09-22 18:14:57','2021-05-02 12:55:46'),(81,36,2,'2021-05-02 12:55:46','2013-07-29 10:00:53','2021-05-02 13:02:47'),(83,41,1,NULL,'2020-10-29 17:15:33','2021-05-02 13:07:46'),(84,68,2,'2021-05-02 12:55:46','2021-03-30 19:42:39','2021-05-02 13:02:47'),(85,19,3,NULL,'2019-01-27 16:38:15','2021-05-02 13:07:46'),(85,24,3,NULL,'2015-08-06 18:01:19','2021-05-02 13:07:46'),(86,39,2,'2021-05-02 12:55:46','2020-12-23 04:33:23','2021-05-02 12:55:46'),(88,11,1,NULL,'2021-01-30 22:46:04','2021-05-02 13:07:46'),(88,44,1,NULL,'2012-12-25 12:09:35','2021-05-02 13:07:46'),(91,10,3,NULL,'2017-02-07 19:25:25','2021-05-02 13:07:46'),(91,22,3,NULL,'2016-10-19 09:50:25','2021-05-02 13:07:46'),(91,77,2,'2015-02-06 14:14:19','2012-09-15 16:56:33','2021-05-02 12:51:45'),(92,25,3,NULL,'2012-04-03 03:33:32','2021-05-02 13:07:46'),(93,33,2,'2018-04-01 00:46:31','2011-06-12 11:17:06','2021-05-02 12:51:45'),(94,92,3,NULL,'2014-02-03 01:33:06','2021-05-02 13:07:46'),(95,88,3,NULL,'2018-04-23 13:04:28','2021-05-02 13:07:46'),(100,31,2,'2016-11-06 22:20:28','2013-04-11 18:29:31','2021-05-02 13:02:47'),(100,79,1,NULL,'2014-01-21 18:11:11','2021-05-02 13:07:46');
/*!40000 ALTER TABLE `friendship` ENABLE KEYS */;
UNLOCK TABLES;

--
-- Table structure for table `friendship_statuses`
--

DROP TABLE IF EXISTS `friendship_statuses`;
/*!40101 SET @saved_cs_client     = @@character_set_client */;
/*!50503 SET character_set_client = utf8mb4 */;
CREATE TABLE `friendship_statuses` (
  `id` int unsigned NOT NULL AUTO_INCREMENT COMMENT '╨Ш╨┤╨╡╨╜╤В╨╕╤Д╨╕╨║╨░╤В╨╛╤А ╤Б╤В╤А╨╛╨║╨╕',
  `name` varchar(150) CHARACTER SET utf8mb4 COLLATE utf8mb4_unicode_ci NOT NULL COMMENT '╨Э╨░╨╖╨▓╨░╨╜╨╕╨╡ ╤Б╤В╨░╤В╤Г╤Б╨░',
  `created_at` datetime DEFAULT CURRENT_TIMESTAMP COMMENT '╨Т╤А╨╡╨╝╤П ╤Б╨╛╨╖╨┤╨░╨╜╨╕╤П ╤Б╤В╤А╨╛╨║╨╕',
  `updated_at` datetime DEFAULT CURRENT_TIMESTAMP ON UPDATE CURRENT_TIMESTAMP COMMENT '╨Т╤А╨╡╨╝╤П ╨╛╨▒╨╜╨╛╨▓╨╗╨╡╨╜╨╕╤П ╤Б╤В╤А╨╛╨║╨╕',
  PRIMARY KEY (`id`),
  UNIQUE KEY `name` (`name`)
) ENGINE=InnoDB AUTO_INCREMENT=4 DEFAULT CHARSET=utf8mb4 COLLATE=utf8mb4_unicode_ci COMMENT='╨б╤В╨░╤В╤Г╤Б╤Л ╨┤╤А╤Г╨╢╨▒╤Л';
/*!40101 SET character_set_client = @saved_cs_client */;

--
-- Dumping data for table `friendship_statuses`
--

LOCK TABLES `friendship_statuses` WRITE;
/*!40000 ALTER TABLE `friendship_statuses` DISABLE KEYS */;
INSERT INTO `friendship_statuses` VALUES (1,'Requested','2021-05-02 13:00:20','2021-05-02 13:00:20'),(2,'Confirmed','2021-05-02 13:00:20','2021-05-02 13:00:20'),(3,'Rejected','2021-05-02 13:00:20','2021-05-02 13:00:20');
/*!40000 ALTER TABLE `friendship_statuses` ENABLE KEYS */;
UNLOCK TABLES;

--
-- Table structure for table `media`
--

DROP TABLE IF EXISTS `media`;
/*!40101 SET @saved_cs_client     = @@character_set_client */;
/*!50503 SET character_set_client = utf8mb4 */;
CREATE TABLE `media` (
  `id` int unsigned NOT NULL AUTO_INCREMENT COMMENT '╨Ш╨┤╨╡╨╜╤В╨╕╤Д╨╕╨║╨░╤В╨╛╤А ╤Б╤В╤А╨╛╨║╨╕',
  `user_id` int unsigned NOT NULL COMMENT '╨б╤Б╤Л╨╗╨║╨░ ╨╜╨░ ╨┐╨╛╨╗╤М╨╖╨╛╨▓╨░╤В╨╡╨╗╤П, ╨║╨╛╤В╨╛╤А╤Л╨╣ ╨╖╨░╨│╤А╤Г╨╖╨╕╨╗ ╤Д╨░╨╣╨╗',
  `filename` varchar(255) CHARACTER SET utf8mb4 COLLATE utf8mb4_unicode_ci NOT NULL COMMENT '╨Я╤Г╤В╤М ╨║ ╤Д╨░╨╣╨╗╤Г',
  `size` int NOT NULL COMMENT '╨а╨░╨╖╨╝╨╡╤А ╤Д╨░╨╣╨╗╨░',
  `metadata` json DEFAULT NULL,
  `media_type_id` int unsigned NOT NULL COMMENT '╨б╤Б╤Л╨╗╨║╨░ ╨╜╨░ ╤В╨╕╨┐ ╨║╨╛╨╜╤В╨╡╨╜╤В╨░',
  `created_at` datetime DEFAULT CURRENT_TIMESTAMP COMMENT '╨Т╤А╨╡╨╝╤П ╤Б╨╛╨╖╨┤╨░╨╜╨╕╤П ╤Б╤В╤А╨╛╨║╨╕',
  `updated_at` datetime DEFAULT CURRENT_TIMESTAMP ON UPDATE CURRENT_TIMESTAMP COMMENT '╨Т╤А╨╡╨╝╤П ╨╛╨▒╨╜╨╛╨▓╨╗╨╡╨╜╨╕╤П ╤Б╤В╤А╨╛╨║╨╕',
  PRIMARY KEY (`id`),
  CONSTRAINT `media_chk_1` CHECK (json_valid(`metadata`))
) ENGINE=InnoDB AUTO_INCREMENT=101 DEFAULT CHARSET=utf8mb4 COLLATE=utf8mb4_unicode_ci COMMENT='╨Ь╨╡╨┤╨╕╨░╤Д╨░╨╣╨╗╤Л';
/*!40101 SET character_set_client = @saved_cs_client */;

--
-- Dumping data for table `media`
--

LOCK TABLES `media` WRITE;
/*!40000 ALTER TABLE `media` DISABLE KEYS */;
INSERT INTO `media` VALUES (1,84,'https://dropbox.com/vk/autem',48587,'{\"owner\": \"Lorena Strosin\"}',1,'2020-11-26 11:59:26','2021-05-02 12:40:30'),(2,43,'https://dropbox.com/vk/sed',86294,'{\"owner\": \"Carmela Weber\"}',2,'2011-10-18 06:07:05','2021-05-02 12:40:30'),(3,63,'https://dropbox.com/vk/et',708394799,'{\"owner\": \"Roxanne Schimmel\"}',3,'2013-04-25 09:28:46','2021-05-02 12:40:30'),(4,87,'https://dropbox.com/vk/voluptatem',85709,'{\"owner\": \"Dakota Pfeffer\"}',3,'2019-09-20 16:57:19','2021-05-02 12:40:30'),(5,43,'https://dropbox.com/vk/magni',5750281,'{\"owner\": \"Carmela Weber\"}',3,'2018-10-25 07:38:53','2021-05-02 12:40:30'),(6,54,'https://dropbox.com/vk/libero',691246781,'{\"owner\": \"Hayley Williamson\"}',3,'2012-08-04 09:57:09','2021-05-02 12:40:30'),(7,42,'https://dropbox.com/vk/placeat',690284858,'{\"owner\": \"Mervin Parker\"}',1,'2014-05-31 21:19:26','2021-05-02 12:40:30'),(8,45,'https://dropbox.com/vk/eum',69663,'{\"owner\": \"Sienna Casper\"}',3,'2020-11-18 07:53:54','2021-05-02 12:40:30'),(9,98,'https://dropbox.com/vk/et',617298800,'{\"owner\": \"Cullen Douglas\"}',1,'2012-06-20 19:24:48','2021-05-02 12:40:30'),(10,56,'https://dropbox.com/vk/aspernatur',91187,'{\"owner\": \"Robert Braun\"}',1,'2018-10-12 08:45:00','2021-05-02 12:40:30'),(11,85,'https://dropbox.com/vk/doloremque',46946,'{\"owner\": \"Albertha Beatty\"}',2,'2011-10-07 00:00:47','2021-05-02 12:40:30'),(12,57,'https://dropbox.com/vk/aut',61168,'{\"owner\": \"Alvah Ernser\"}',2,'2017-02-01 12:59:45','2021-05-02 12:40:30'),(13,28,'https://dropbox.com/vk/provident',370157,'{\"owner\": \"Sage Bahringer\"}',3,'2020-05-08 02:07:16','2021-05-02 12:40:30'),(14,70,'https://dropbox.com/vk/et',65002,'{\"owner\": \"Katheryn Schmeler\"}',1,'2018-09-15 15:53:09','2021-05-02 12:40:30'),(15,64,'https://dropbox.com/vk/commodi',63731365,'{\"owner\": \"Terrence Price\"}',2,'2014-08-21 04:02:44','2021-05-02 12:40:30'),(16,12,'https://dropbox.com/vk/ducimus',41506,'{\"owner\": \"Matilda Gutmann\"}',3,'2014-07-29 17:52:32','2021-05-02 12:40:30'),(17,66,'https://dropbox.com/vk/ut',12525,'{\"owner\": \"Jeffry Hyatt\"}',3,'2020-02-14 02:48:54','2021-05-02 12:40:30'),(18,95,'https://dropbox.com/vk/fugiat',38105,'{\"owner\": \"Theo Batz\"}',2,'2021-04-19 19:01:55','2021-05-02 12:40:30'),(19,75,'https://dropbox.com/vk/inventore',52949,'{\"owner\": \"Verda Spencer\"}',1,'2020-03-27 20:42:37','2021-05-02 12:40:30'),(20,90,'https://dropbox.com/vk/consequatur',1288868,'{\"owner\": \"Oliver Daniel\"}',2,'2018-11-30 11:13:29','2021-05-02 12:40:30'),(21,25,'https://dropbox.com/vk/enim',9259003,'{\"owner\": \"Brennon Raynor\"}',3,'2020-06-09 10:53:24','2021-05-02 12:40:30'),(22,55,'https://dropbox.com/vk/eveniet',13612862,'{\"owner\": \"Elyssa Wisoky\"}',2,'2019-02-20 04:42:52','2021-05-02 12:40:30'),(23,1,'https://dropbox.com/vk/et',50431,'{\"owner\": \"Alexandre Armstrong\"}',1,'2019-12-14 10:21:42','2021-05-02 12:40:30'),(24,37,'https://dropbox.com/vk/vel',93307,'{\"owner\": \"Titus Pagac\"}',2,'2015-02-04 23:40:05','2021-05-02 12:40:30'),(25,84,'https://dropbox.com/vk/officiis',15241,'{\"owner\": \"Lorena Strosin\"}',3,'2011-04-30 23:25:52','2021-05-02 12:40:30'),(26,6,'https://dropbox.com/vk/odit',48655,'{\"owner\": \"Laron Ullrich\"}',3,'2019-04-04 02:15:18','2021-05-02 12:40:30'),(27,79,'https://dropbox.com/vk/ut',96284,'{\"owner\": \"Camren Kohler\"}',3,'2021-03-12 12:33:55','2021-05-02 12:40:30'),(28,78,'https://dropbox.com/vk/delectus',24410,'{\"owner\": \"Nella Ritchie\"}',3,'2019-02-02 16:50:19','2021-05-02 12:40:30'),(29,51,'https://dropbox.com/vk/ad',35698,'{\"owner\": \"Jane Bins\"}',3,'2013-04-24 09:55:46','2021-05-02 12:40:30'),(30,19,'https://dropbox.com/vk/et',10449,'{\"owner\": \"August Jenkins\"}',2,'2014-07-31 10:06:15','2021-05-02 12:40:30'),(31,45,'https://dropbox.com/vk/quia',72944191,'{\"owner\": \"Sienna Casper\"}',2,'2020-06-22 19:02:04','2021-05-02 12:40:30'),(32,64,'https://dropbox.com/vk/aut',9107714,'{\"owner\": \"Terrence Price\"}',3,'2017-07-15 12:54:46','2021-05-02 12:40:30'),(33,87,'https://dropbox.com/vk/iusto',9009243,'{\"owner\": \"Dakota Pfeffer\"}',1,'2018-01-25 08:21:39','2021-05-02 12:40:30'),(34,44,'https://dropbox.com/vk/voluptatem',869825551,'{\"owner\": \"Pete Konopelski\"}',3,'2019-07-24 13:34:44','2021-05-02 12:40:30'),(35,55,'https://dropbox.com/vk/velit',727780,'{\"owner\": \"Elyssa Wisoky\"}',3,'2019-08-06 15:25:29','2021-05-02 12:40:30'),(36,44,'https://dropbox.com/vk/ea',89634,'{\"owner\": \"Pete Konopelski\"}',2,'2017-08-12 11:08:10','2021-05-02 12:40:30'),(37,54,'https://dropbox.com/vk/ipsum',41078,'{\"owner\": \"Hayley Williamson\"}',1,'2014-08-23 19:14:59','2021-05-02 12:40:30'),(38,37,'https://dropbox.com/vk/deleniti',44521,'{\"owner\": \"Titus Pagac\"}',2,'2011-10-15 23:50:46','2021-05-02 12:40:30'),(39,22,'https://dropbox.com/vk/voluptatum',6877196,'{\"owner\": \"Arne Will\"}',3,'2014-01-20 23:40:19','2021-05-02 12:40:30'),(40,99,'https://dropbox.com/vk/qui',77567,'{\"owner\": \"Boris Shields\"}',2,'2021-02-28 09:56:41','2021-05-02 12:40:30'),(41,29,'https://dropbox.com/vk/amet',87661,'{\"owner\": \"Colten Daugherty\"}',1,'2019-06-02 04:42:32','2021-05-02 12:40:30'),(42,48,'https://dropbox.com/vk/voluptas',36488,'{\"owner\": \"Gretchen Schaden\"}',3,'2014-03-06 07:56:14','2021-05-02 12:40:30'),(43,50,'https://dropbox.com/vk/laudantium',844922,'{\"owner\": \"Romaine Gusikowski\"}',3,'2013-03-20 21:23:34','2021-05-02 12:40:30'),(44,8,'https://dropbox.com/vk/quia',709981,'{\"owner\": \"Joanie Gibson\"}',1,'2015-11-10 23:47:04','2021-05-02 12:40:30'),(45,89,'https://dropbox.com/vk/eius',59207,'{\"owner\": \"Janis Huel\"}',2,'2013-09-23 06:59:38','2021-05-02 12:40:30'),(46,19,'https://dropbox.com/vk/ut',846896,'{\"owner\": \"August Jenkins\"}',3,'2011-05-19 09:31:56','2021-05-02 12:40:30'),(47,28,'https://dropbox.com/vk/voluptatem',32752,'{\"owner\": \"Sage Bahringer\"}',1,'2012-12-09 22:29:57','2021-05-02 12:40:30'),(48,84,'https://dropbox.com/vk/itaque',86568,'{\"owner\": \"Lorena Strosin\"}',1,'2013-12-07 11:04:43','2021-05-02 12:40:30'),(49,33,'https://dropbox.com/vk/accusamus',55220,'{\"owner\": \"Tina Kovacek\"}',1,'2014-09-24 10:25:40','2021-05-02 12:40:30'),(50,13,'https://dropbox.com/vk/vel',16394,'{\"owner\": \"Darron Kuhn\"}',3,'2011-12-02 04:59:08','2021-05-02 12:40:30'),(51,64,'https://dropbox.com/vk/ut',90377,'{\"owner\": \"Terrence Price\"}',1,'2011-07-31 05:38:20','2021-05-02 12:40:30'),(52,83,'https://dropbox.com/vk/rerum',16310,'{\"owner\": \"Tamara Powlowski\"}',2,'2019-01-31 21:57:12','2021-05-02 12:40:30'),(53,20,'https://dropbox.com/vk/porro',2087559,'{\"owner\": \"Harvey Dietrich\"}',2,'2021-03-26 13:06:37','2021-05-02 12:40:30'),(54,53,'https://dropbox.com/vk/reprehenderit',32367,'{\"owner\": \"Napoleon Hane\"}',2,'2019-09-18 11:49:39','2021-05-02 12:40:30'),(55,5,'https://dropbox.com/vk/sapiente',12906,'{\"owner\": \"Eliezer Price\"}',3,'2016-11-20 04:30:36','2021-05-02 12:40:30'),(56,63,'https://dropbox.com/vk/corporis',67427,'{\"owner\": \"Roxanne Schimmel\"}',3,'2013-01-14 22:17:01','2021-05-02 12:40:30'),(57,100,'https://dropbox.com/vk/fuga',59202749,'{\"owner\": \"Oliver Frami\"}',2,'2014-03-01 15:03:38','2021-05-02 12:40:30'),(58,12,'https://dropbox.com/vk/hic',98415,'{\"owner\": \"Matilda Gutmann\"}',1,'2011-08-31 20:35:53','2021-05-02 12:40:30'),(59,59,'https://dropbox.com/vk/optio',145895,'{\"owner\": \"Lucile Cole\"}',3,'2012-11-16 17:35:20','2021-05-02 12:40:30'),(60,57,'https://dropbox.com/vk/ipsam',34781368,'{\"owner\": \"Alvah Ernser\"}',2,'2019-04-08 18:41:53','2021-05-02 12:40:30'),(61,11,'https://dropbox.com/vk/et',19094108,'{\"owner\": \"Berneice Prosacco\"}',2,'2016-03-23 01:01:23','2021-05-02 12:40:30'),(62,80,'https://dropbox.com/vk/omnis',89796,'{\"owner\": \"Vernice Beatty\"}',2,'2016-04-22 16:50:51','2021-05-02 12:40:30'),(63,66,'https://dropbox.com/vk/eum',53735,'{\"owner\": \"Jeffry Hyatt\"}',3,'2016-07-28 14:18:21','2021-05-02 12:40:30'),(64,90,'https://dropbox.com/vk/natus',99287,'{\"owner\": \"Oliver Daniel\"}',1,'2020-01-08 03:10:54','2021-05-02 12:40:30'),(65,51,'https://dropbox.com/vk/ut',35227,'{\"owner\": \"Jane Bins\"}',3,'2016-10-22 02:57:06','2021-05-02 12:40:30'),(66,86,'https://dropbox.com/vk/officiis',42159,'{\"owner\": \"Eric Denesik\"}',2,'2017-04-03 15:04:26','2021-05-02 12:40:30'),(67,77,'https://dropbox.com/vk/libero',78276,'{\"owner\": \"Ahmed Kerluke\"}',2,'2017-12-29 23:23:28','2021-05-02 12:40:30'),(68,24,'https://dropbox.com/vk/ut',32470203,'{\"owner\": \"Reina Walter\"}',2,'2012-09-25 15:55:55','2021-05-02 12:40:30'),(69,89,'https://dropbox.com/vk/est',85696,'{\"owner\": \"Janis Huel\"}',1,'2013-02-15 23:10:04','2021-05-02 12:40:30'),(70,75,'https://dropbox.com/vk/est',4750451,'{\"owner\": \"Verda Spencer\"}',1,'2021-04-21 22:52:42','2021-05-02 12:40:30'),(71,4,'https://dropbox.com/vk/ut',83798,'{\"owner\": \"Hailie Jast\"}',2,'2018-01-10 23:52:20','2021-05-02 12:40:30'),(72,98,'https://dropbox.com/vk/qui',634279,'{\"owner\": \"Cullen Douglas\"}',1,'2018-07-02 04:34:56','2021-05-02 12:40:30'),(73,76,'https://dropbox.com/vk/ipsum',86770,'{\"owner\": \"Jalen Heathcote\"}',2,'2018-08-10 20:41:01','2021-05-02 12:40:30'),(74,85,'https://dropbox.com/vk/explicabo',80618,'{\"owner\": \"Albertha Beatty\"}',1,'2016-11-06 14:29:53','2021-05-02 12:40:30'),(75,96,'https://dropbox.com/vk/asperiores',8070399,'{\"owner\": \"Albertha Jones\"}',1,'2012-10-02 19:36:22','2021-05-02 12:40:30'),(76,24,'https://dropbox.com/vk/maiores',9211760,'{\"owner\": \"Reina Walter\"}',3,'2012-02-19 17:31:20','2021-05-02 12:40:30'),(77,33,'https://dropbox.com/vk/blanditiis',15184035,'{\"owner\": \"Tina Kovacek\"}',1,'2012-12-20 22:09:37','2021-05-02 12:40:30'),(78,90,'https://dropbox.com/vk/consequatur',652189,'{\"owner\": \"Oliver Daniel\"}',1,'2019-03-19 01:17:50','2021-05-02 12:40:30'),(79,52,'https://dropbox.com/vk/cupiditate',93652,'{\"owner\": \"Trenton Waelchi\"}',2,'2017-05-19 17:05:00','2021-05-02 12:40:30'),(80,89,'https://dropbox.com/vk/et',420048336,'{\"owner\": \"Janis Huel\"}',2,'2014-06-09 08:16:55','2021-05-02 12:40:30'),(81,88,'https://dropbox.com/vk/enim',84994990,'{\"owner\": \"Albertha Denesik\"}',3,'2015-07-30 11:45:18','2021-05-02 12:40:30'),(82,74,'https://dropbox.com/vk/quod',11171,'{\"owner\": \"Johanna Hessel\"}',3,'2012-05-17 00:44:45','2021-05-02 12:40:30'),(83,6,'https://dropbox.com/vk/beatae',74900,'{\"owner\": \"Laron Ullrich\"}',3,'2014-12-17 09:26:31','2021-05-02 12:40:30'),(84,7,'https://dropbox.com/vk/et',165823244,'{\"owner\": \"Mckenna Hills\"}',3,'2013-01-18 17:35:00','2021-05-02 12:40:30'),(85,16,'https://dropbox.com/vk/explicabo',40986,'{\"owner\": \"Jillian Wyman\"}',2,'2018-07-17 13:26:04','2021-05-02 12:40:30'),(86,58,'https://dropbox.com/vk/non',506310,'{\"owner\": \"Shemar Schoen\"}',2,'2018-04-02 23:53:53','2021-05-02 12:40:30'),(87,41,'https://dropbox.com/vk/rerum',80228,'{\"owner\": \"Raoul Stroman\"}',3,'2016-01-26 14:13:55','2021-05-02 12:40:30'),(88,32,'https://dropbox.com/vk/sed',95598,'{\"owner\": \"Mara Bode\"}',1,'2012-07-26 06:08:28','2021-05-02 12:40:30'),(89,36,'https://dropbox.com/vk/consequuntur',78181,'{\"owner\": \"Rickey Frami\"}',2,'2017-08-14 11:37:16','2021-05-02 12:40:30'),(90,84,'https://dropbox.com/vk/aut',2484065,'{\"owner\": \"Lorena Strosin\"}',2,'2019-07-23 10:29:38','2021-05-02 12:40:30'),(91,13,'https://dropbox.com/vk/eum',410236977,'{\"owner\": \"Darron Kuhn\"}',2,'2017-02-03 13:29:02','2021-05-02 12:40:30'),(92,10,'https://dropbox.com/vk/sit',50220,'{\"owner\": \"Collin Greenfelder\"}',2,'2013-03-06 18:10:21','2021-05-02 12:40:30'),(93,12,'https://dropbox.com/vk/ullam',16558,'{\"owner\": \"Matilda Gutmann\"}',2,'2019-10-29 05:23:35','2021-05-02 12:40:30'),(94,29,'https://dropbox.com/vk/eos',5916105,'{\"owner\": \"Colten Daugherty\"}',3,'2012-01-10 17:33:31','2021-05-02 12:40:30'),(95,7,'https://dropbox.com/vk/occaecati',32131,'{\"owner\": \"Mckenna Hills\"}',3,'2013-02-26 22:11:36','2021-05-02 12:40:30'),(96,49,'https://dropbox.com/vk/quibusdam',10980,'{\"owner\": \"Aglae Robel\"}',1,'2014-10-19 10:53:08','2021-05-02 12:40:30'),(97,24,'https://dropbox.com/vk/consequatur',84417,'{\"owner\": \"Reina Walter\"}',2,'2013-06-22 10:29:28','2021-05-02 12:40:30'),(98,73,'https://dropbox.com/vk/sed',58507,'{\"owner\": \"Ewald Sawayn\"}',3,'2013-10-25 06:22:33','2021-05-02 12:40:30'),(99,93,'https://dropbox.com/vk/animi',28734468,'{\"owner\": \"Martine Breitenberg\"}',3,'2012-01-07 05:30:26','2021-05-02 12:40:30'),(100,44,'https://dropbox.com/vk/fugiat',59593,'{\"owner\": \"Pete Konopelski\"}',2,'2018-07-04 11:47:42','2021-05-02 12:40:30');
/*!40000 ALTER TABLE `media` ENABLE KEYS */;
UNLOCK TABLES;

--
-- Table structure for table `media_types`
--

DROP TABLE IF EXISTS `media_types`;
/*!40101 SET @saved_cs_client     = @@character_set_client */;
/*!50503 SET character_set_client = utf8mb4 */;
CREATE TABLE `media_types` (
  `id` int unsigned NOT NULL AUTO_INCREMENT COMMENT '╨Ш╨┤╨╡╨╜╤В╨╕╤Д╨╕╨║╨░╤В╨╛╤А ╤Б╤В╤А╨╛╨║╨╕',
  `name` varchar(255) CHARACTER SET utf8mb4 COLLATE utf8mb4_unicode_ci NOT NULL COMMENT '╨Э╨░╨╖╨▓╨░╨╜╨╕╨╡ ╤В╨╕╨┐╨░',
  `created_at` datetime DEFAULT CURRENT_TIMESTAMP COMMENT '╨Т╤А╨╡╨╝╤П ╤Б╨╛╨╖╨┤╨░╨╜╨╕╤П ╤Б╤В╤А╨╛╨║╨╕',
  `updated_at` datetime DEFAULT CURRENT_TIMESTAMP ON UPDATE CURRENT_TIMESTAMP COMMENT '╨Т╤А╨╡╨╝╤П ╨╛╨▒╨╜╨╛╨▓╨╗╨╡╨╜╨╕╤П ╤Б╤В╤А╨╛╨║╨╕',
  PRIMARY KEY (`id`),
  UNIQUE KEY `name` (`name`)
) ENGINE=InnoDB AUTO_INCREMENT=4 DEFAULT CHARSET=utf8mb4 COLLATE=utf8mb4_unicode_ci COMMENT='╨в╨╕╨┐╤Л ╨╝╨╡╨┤╨╕╨░╤Д╨░╨╣╨╗╨╛╨▓';
/*!40101 SET character_set_client = @saved_cs_client */;

--
-- Dumping data for table `media_types`
--

LOCK TABLES `media_types` WRITE;
/*!40000 ALTER TABLE `media_types` DISABLE KEYS */;
INSERT INTO `media_types` VALUES (1,'photo','2021-05-02 12:47:21','2021-05-02 12:47:21'),(2,'video','2021-05-02 12:47:21','2021-05-02 12:47:21'),(3,'audio','2021-05-02 12:47:21','2021-05-02 12:47:21');
/*!40000 ALTER TABLE `media_types` ENABLE KEYS */;
UNLOCK TABLES;

--
-- Table structure for table `messages`
--

DROP TABLE IF EXISTS `messages`;
/*!40101 SET @saved_cs_client     = @@character_set_client */;
/*!50503 SET character_set_client = utf8mb4 */;
CREATE TABLE `messages` (
  `id` int unsigned NOT NULL AUTO_INCREMENT COMMENT '╨Ш╨┤╨╡╨╜╤В╨╕╤Д╨╕╨║╨░╤В╨╛╤А ╤Б╤В╤А╨╛╨║╨╕',
  `from_user_id` int unsigned NOT NULL COMMENT '╨б╤Б╤Л╨╗╨║╨░ ╨╜╨░ ╨╛╤В╨┐╤А╨░╨▓╨╕╤В╨╡╨╗╤П ╤Б╨╛╨╛╨▒╤Й╨╡╨╜╨╕╤П',
  `to_user_id` int unsigned NOT NULL COMMENT '╨б╤Б╤Л╨╗╨║╨░ ╨╜╨░ ╨┐╨╛╨╗╤Г╤З╨░╤В╨╡╨╗╤П ╤Б╨╛╨╛╨▒╤Й╨╡╨╜╨╕╤П',
  `body` text CHARACTER SET utf8mb4 COLLATE utf8mb4_unicode_ci NOT NULL COMMENT '╨в╨╡╨║╤Б╤В ╤Б╨╛╨╛╨▒╤Й╨╡╨╜╨╕╤П',
  `media_id` int unsigned DEFAULT NULL,
  `is_important` tinyint(1) DEFAULT NULL COMMENT '╨Я╤А╨╕╨╖╨╜╨░╨║ ╨▓╨░╨╢╨╜╨╛╤Б╤В╨╕',
  `delivered_at` timestamp NULL DEFAULT NULL,
  `created_at` datetime DEFAULT CURRENT_TIMESTAMP COMMENT '╨Т╤А╨╡╨╝╤П ╤Б╨╛╨╖╨┤╨░╨╜╨╕╤П ╤Б╤В╤А╨╛╨║╨╕',
  PRIMARY KEY (`id`)
) ENGINE=InnoDB AUTO_INCREMENT=101 DEFAULT CHARSET=utf8mb4 COLLATE=utf8mb4_unicode_ci COMMENT='╨б╨╛╨╛╨▒╤Й╨╡╨╜╨╕╤П';
/*!40101 SET character_set_client = @saved_cs_client */;

--
-- Dumping data for table `messages`
--

LOCK TABLES `messages` WRITE;
/*!40000 ALTER TABLE `messages` DISABLE KEYS */;
INSERT INTO `messages` VALUES (1,97,38,'Rerum laboriosam enim vel aliquid iusto ut et est. Dignissimos quaerat ea laudantium est qui. Eligendi sint qui doloribus aut. Nihil laboriosam ut vel ratione at praesentium. Quae voluptatem accusamus enim et nam.',85,1,NULL,'2013-04-27 01:06:04'),(2,97,70,'Voluptatum vel rerum quia vitae magnam aspernatur cupiditate. Et magni ea ea reiciendis sed enim ex. Placeat voluptas et exercitationem. Officia impedit numquam magni sunt et vel officia sed.',6,0,NULL,'2017-08-04 07:05:17'),(3,61,94,'Laudantium earum ut nemo quisquam sequi. Alias quo cumque itaque aut omnis aut. Nobis qui enim qui rerum perferendis tenetur expedita at. Et omnis mollitia molestiae consequatur voluptatibus perspiciatis.',73,1,NULL,'2015-05-21 18:32:07'),(4,87,53,'Consequuntur excepturi aut quia omnis ut. Sunt quia cum repellat quo doloremque itaque. Cupiditate delectus aliquam tenetur.',47,0,NULL,'2019-06-13 00:16:11'),(5,3,55,'Eius earum minus quidem quod dicta beatae ea. Deleniti recusandae accusamus autem nulla ut natus veritatis. Necessitatibus quis perspiciatis commodi reprehenderit dolorem. Ad aspernatur est labore voluptas aut.',15,1,'2021-05-01 08:37:17','2016-11-06 01:48:48'),(6,66,64,'Nam iste nihil quidem quod occaecati. Et quaerat magnam nam ut id. Quis molestias natus incidunt eius occaecati atque.',34,0,NULL,'2014-06-22 01:31:19'),(7,23,20,'Omnis iusto quo porro veniam tempora molestiae odit. Incidunt voluptates quas recusandae aut quia qui. Saepe cumque eos dolor veritatis et. Odio a ratione et voluptates iure.',24,0,'2021-05-01 08:37:17','2016-05-09 07:40:17'),(8,33,4,'Libero qui quis molestiae provident repellat. Nam earum vero voluptas dignissimos. Blanditiis ut voluptas id reprehenderit facilis officiis eveniet. Architecto sunt quia voluptas unde voluptas consequatur perspiciatis. Maxime veritatis fugit dolorem.',19,0,'2021-05-01 08:37:17','2020-02-15 22:04:43'),(9,22,96,'Maiores vero laudantium veniam doloribus. Reprehenderit et ut ab sit.',22,1,'2021-05-01 08:37:17','2011-05-31 23:10:40'),(10,14,80,'Totam et nihil ut possimus illum magni officia. Non iure eaque provident est maxime. At voluptates ipsum quo ut dolores.',51,0,'2021-05-01 08:37:17','2011-06-17 10:05:13'),(11,58,50,'Numquam porro blanditiis beatae et vel quod magnam. Iusto hic harum veniam quas debitis non ut eveniet.',88,1,NULL,'2017-12-10 01:10:23'),(12,76,30,'Fuga maiores sed et eveniet qui inventore facere. Ut quas nisi aut repellat aut rerum. Et non praesentium ipsa. Eligendi et et placeat voluptates eos quaerat.',89,0,NULL,'2013-03-24 22:17:57'),(13,21,14,'Accusantium accusantium nemo quo natus. Magni rerum rerum et ea ad voluptate repellat. Ab commodi eos incidunt cupiditate neque nam sunt repudiandae.',78,1,'2021-05-01 08:37:17','2013-02-10 11:06:23'),(14,8,98,'Incidunt qui reiciendis eligendi ad. Qui ut consequatur et alias culpa. Quas suscipit aut facilis tempora ut totam veritatis.',23,0,'2021-05-01 08:37:17','2017-02-21 13:10:24'),(15,67,37,'Iste qui autem at sint. Vel aut id excepturi vel numquam dolor ab.',80,0,NULL,'2015-06-18 20:51:04'),(16,84,10,'Qui recusandae aut aut. Omnis impedit cum eum cumque. Fugiat nisi quae aspernatur et sint.',31,1,NULL,'2016-12-16 02:43:52'),(17,98,58,'Exercitationem fugit rerum assumenda illo rerum laborum magnam vitae. Quaerat deleniti occaecati sit a et iusto repellat. Ut cum aliquid tempore vel. Omnis ut aperiam dolor voluptatibus repudiandae.',15,1,NULL,'2018-11-11 10:07:47'),(18,97,10,'Voluptates labore officia aut cumque recusandae quia ut. Qui est tempora sint sint. Nemo aut qui quo. Qui omnis eos distinctio maiores aut.',80,0,NULL,'2015-12-12 12:16:22'),(19,60,68,'Et amet est quae et ab tempore maxime aspernatur. Beatae et at nihil eos. Sit accusamus quaerat quibusdam quaerat itaque. Rerum explicabo quod soluta nobis excepturi totam.',57,1,NULL,'2012-08-23 01:56:41'),(20,60,96,'Asperiores praesentium in sunt. Incidunt non veniam quo voluptates eos ea voluptatum expedita. Qui dolorum voluptatum rerum.',42,1,NULL,'2013-03-28 05:32:55'),(21,97,99,'Necessitatibus debitis iure inventore a suscipit voluptatibus veniam. Quam corrupti distinctio eius culpa dolor expedita aut tempora. Saepe molestiae ullam aut recusandae voluptas dolores.',38,1,NULL,'2019-02-25 07:15:04'),(22,3,19,'Velit perspiciatis dolores nulla nisi. Dolores tempore debitis officiis. Minus quo et ratione eaque necessitatibus voluptatum eos id.',65,0,'2021-05-01 08:37:17','2017-03-03 13:52:16'),(23,83,60,'Enim aut autem et. Ad omnis facilis asperiores eius quia.',11,0,NULL,'2017-12-21 13:38:52'),(24,51,73,'Dolor eos fugit officiis est dolore accusamus ad. Commodi saepe earum architecto voluptatem et voluptas non. Sint quis sint quisquam consequatur. Possimus omnis autem non aliquam temporibus vel. A qui voluptatem optio in delectus animi necessitatibus.',58,0,NULL,'2014-12-11 12:17:08'),(25,10,30,'Neque quae itaque hic ipsam officiis labore. Sit quia exercitationem nobis officiis. Sed aut nulla quasi qui occaecati. Libero vel tempore aut sunt.',57,0,'2021-05-01 08:37:17','2011-12-23 00:37:05'),(26,22,20,'Excepturi unde sed provident minus suscipit aspernatur. Quis temporibus officia eum eum. Id minus rem molestiae sunt. Molestiae dolorum ut repellat eos illum aut.',10,0,'2021-05-01 08:37:17','2018-03-30 08:12:18'),(27,34,9,'Delectus quis omnis perspiciatis numquam. Porro a qui vitae eaque qui ut ducimus. Adipisci vel accusantium nemo ratione illum sit expedita. Earum debitis rem sed hic perspiciatis dolorem.',79,0,'2021-05-01 08:37:17','2015-08-23 11:20:48'),(28,44,91,'Qui veritatis non mollitia perspiciatis sapiente magnam. Enim praesentium amet sint fugit. Aliquam ipsam corporis harum quod autem.',63,0,'2021-05-01 08:37:17','2011-11-08 15:03:11'),(29,25,49,'Minima quis voluptatum quam minus corporis. Voluptate fuga quibusdam quam nesciunt. Nihil eius quo beatae expedita est.',79,1,'2021-05-01 08:37:17','2020-07-01 23:29:23'),(30,68,94,'Ut veritatis quis ratione dolores et id et. Quod et eaque vel voluptas. Magnam maiores atque earum quam quisquam nam consequuntur. Ut reiciendis repellendus autem nobis.',5,1,NULL,'2016-09-16 15:24:35'),(31,65,45,'Autem consequatur soluta doloremque alias. Sed in animi officia. Maxime exercitationem fugit quas voluptatibus aperiam est. Accusantium rerum nulla ut et.',89,1,NULL,'2012-08-23 23:59:38'),(32,26,95,'Voluptate dolor quae cum nam. Officia delectus unde sit velit nam sit ipsam. Sunt culpa in impedit dicta et. Sit optio iusto vero in sunt possimus cupiditate repellat.',28,0,'2021-05-01 08:37:17','2020-06-25 02:04:36'),(33,99,8,'Optio est aut qui alias ratione. Aut tenetur est ut. In velit consequatur sapiente qui aspernatur accusamus.',74,0,NULL,'2015-11-12 09:01:23'),(34,41,80,'Culpa itaque ipsa quod cupiditate ipsam incidunt qui dolores. Qui rerum quia aliquid. Voluptates voluptates distinctio sit libero distinctio. Commodi consequatur placeat et quia voluptas sapiente.',85,1,'2021-05-01 08:37:17','2011-05-07 00:30:25'),(35,77,43,'Dolorem modi sapiente atque similique et voluptas nam quia. Nobis qui esse laboriosam odit non. Debitis quasi maxime illo reiciendis beatae omnis. Voluptas explicabo corrupti quia.',2,0,NULL,'2014-11-27 23:11:14'),(36,84,93,'Odio suscipit magni in praesentium. Nostrum dicta fuga consequatur voluptas. Eligendi eos incidunt illum eaque sed esse quam. Quia autem sunt incidunt ab nulla perferendis. Temporibus commodi distinctio dolorum eius.',54,1,NULL,'2017-04-30 19:17:40'),(37,9,69,'Amet voluptas exercitationem optio fugiat totam natus. Repudiandae corrupti dolorem est ratione cupiditate temporibus quia aut. Ea et molestiae cum nisi optio et omnis. Ad ut qui et aut.',65,0,'2021-05-01 08:37:17','2018-10-24 00:22:42'),(38,14,65,'Minus in in aut et et. Vitae ea earum quos neque velit. Aut magni sapiente culpa.',63,1,'2021-05-01 08:37:17','2018-03-05 16:49:32'),(39,83,20,'Praesentium veritatis voluptatibus omnis provident. Beatae qui tempore adipisci quasi nam tempora sint aut. Id vel non ut assumenda quae autem.',18,0,NULL,'2011-07-31 00:48:03'),(40,51,96,'Laboriosam voluptatem et sed ut autem itaque. Sed autem omnis illo est. Quo doloribus exercitationem laborum. Consequatur rerum placeat nostrum excepturi. Repellendus delectus quos deleniti dicta ipsa eaque.',1,1,NULL,'2020-08-01 07:21:11'),(41,23,27,'Dolorem tenetur nobis quia reprehenderit officiis. Soluta ut placeat molestiae ex. Repellat ut quisquam doloremque provident. Maxime necessitatibus aliquid esse provident.',49,1,'2021-05-01 08:37:17','2011-10-30 14:27:17'),(42,64,41,'Quam incidunt earum aut illum molestiae voluptatum autem. Voluptatem error quibusdam et. Qui et dolorum qui et. Aut ut eveniet iure ad dolorum error.',41,0,NULL,'2017-06-29 22:40:48'),(43,10,30,'Molestiae et facere voluptatem. Numquam voluptatem et est maxime molestiae neque reprehenderit. Aut magni tempore ea. Aut non sapiente iure sunt.',57,1,'2021-05-01 08:37:17','2018-09-19 14:23:59'),(44,17,93,'Nemo quo unde reiciendis consequatur nemo dolor ipsum. Non doloribus dolorum delectus nihil quo numquam et. Repellat itaque nesciunt cumque aspernatur. Rerum qui porro perspiciatis commodi totam et.',65,1,'2021-05-01 08:37:17','2014-08-16 04:48:25'),(45,17,4,'Voluptatem consequatur illum expedita a quisquam fugit. Similique eos aliquam iusto. Inventore neque odit rerum. Et iusto numquam ut sit eaque sed.',50,0,'2021-05-01 08:37:17','2020-11-24 15:38:12'),(46,69,34,'Aliquid aliquam vel aut est expedita consequuntur. Corporis cum ut inventore rerum alias. Perspiciatis distinctio voluptatem esse sapiente. Sequi itaque rerum laborum possimus assumenda et.',56,0,NULL,'2016-08-07 14:37:58'),(47,63,9,'Est nostrum in numquam ut omnis porro qui placeat. Voluptatum rerum soluta incidunt velit. Corporis non omnis dicta necessitatibus rerum unde architecto alias.',29,1,NULL,'2012-12-08 14:23:52'),(48,59,66,'Iste aut fugit rerum et est. Aliquid nihil ex voluptates consequatur recusandae veniam et et. Amet qui ut expedita optio officiis laboriosam. Ducimus dicta consectetur est veritatis autem.',75,0,NULL,'2017-01-19 23:33:16'),(49,53,66,'Soluta aliquam velit impedit nihil eum minima. Non quia sit facilis libero delectus saepe. Perferendis velit eius consectetur dolores corporis architecto.',89,0,NULL,'2020-05-01 17:37:39'),(50,73,63,'Nihil explicabo repellat iste assumenda sunt est facilis. Quasi amet natus voluptas eos modi fuga voluptates. Velit animi aut qui aut.',21,1,NULL,'2013-04-30 03:17:13'),(51,97,96,'Aliquam error a voluptas debitis ex et aut. Sunt sunt sunt eaque consequatur recusandae aliquid. Expedita asperiores magni aut quia minima id consequatur.',36,0,NULL,'2011-07-09 06:24:32'),(52,88,51,'Ea neque minus atque nobis saepe est officia non. Est itaque blanditiis quae sunt.',19,0,NULL,'2012-10-08 12:15:55'),(53,90,96,'Quis voluptatem in minus vel. Omnis est sed odit est optio sit. Ducimus hic error maiores qui. Maiores dolorem quasi rem rem omnis est.',83,0,NULL,'2016-11-12 06:24:23'),(54,10,64,'Aut cupiditate corrupti dignissimos quisquam. Fuga dolores dolores odio dolorum quisquam. Rerum nesciunt tempora voluptas molestiae rerum porro. Non soluta maxime voluptates modi sint ea.',60,0,'2021-05-01 08:37:17','2011-04-27 09:24:08'),(55,86,39,'Mollitia in occaecati dolor et laudantium quia. Architecto consequuntur illo molestiae sapiente praesentium. Placeat et expedita itaque. Optio nam mollitia inventore quis.',48,1,NULL,'2011-12-14 07:04:28'),(56,36,62,'Magni odio nulla odio ut totam. Quod a quam esse ipsum eveniet ratione nisi. Quasi esse odio necessitatibus consequuntur eveniet.',61,1,'2021-05-01 08:37:17','2020-03-06 11:25:33'),(57,2,22,'Sit odio qui nihil ipsa aut consequatur. Eligendi odit ut omnis inventore cum. Reiciendis praesentium non vero sed veniam dolorem ea. Non enim natus et doloribus velit blanditiis. Et sunt expedita aut officiis modi et ut.',60,1,'2021-05-01 08:37:17','2014-07-09 06:55:13'),(58,4,53,'Doloremque labore eaque aut consequatur. Eos hic magnam sapiente cum qui nemo. Sint iste rerum aut. Neque velit qui aut id dolorem sint.',18,1,'2021-05-01 08:37:17','2011-04-29 09:30:46'),(59,52,2,'Provident cupiditate modi qui aperiam. Voluptate atque temporibus ipsum quod esse sed facere aliquid. Est amet qui consequuntur inventore libero suscipit. Eum nulla quos ipsam illo quidem minus.',9,1,NULL,'2016-05-02 03:02:18'),(60,52,55,'Quibusdam velit cum non incidunt. Et quod repellat voluptas incidunt occaecati pariatur expedita. Exercitationem temporibus accusantium laborum porro quam temporibus quis.',89,1,NULL,'2016-02-16 14:49:13'),(61,19,28,'At voluptatibus non temporibus excepturi quod. Ut animi velit non aut soluta enim. Non ea aut voluptas. Adipisci dignissimos dolorum et consequatur in inventore.',17,1,'2021-05-01 08:37:17','2017-01-09 23:49:29'),(62,84,35,'Et reiciendis corporis eius molestias qui alias quod. Dolor recusandae saepe dolores ullam et voluptatem impedit ea. Eos qui rerum laborum ab. Delectus inventore quia ipsum et dolorem impedit.',18,0,NULL,'2020-04-17 02:25:14'),(63,21,2,'Voluptates exercitationem sunt libero omnis eligendi. Ea aut maiores quibusdam id atque. Exercitationem quia dolorum consequatur vel enim totam quod id. Temporibus et exercitationem quas perspiciatis quo fuga quod voluptas.',41,1,'2021-05-01 08:37:17','2015-08-08 20:11:51'),(64,43,11,'Quis ut nesciunt eos repudiandae sunt eaque. Assumenda aspernatur esse atque voluptatibus autem recusandae. Dolor similique aut at est molestias. Asperiores autem dignissimos eum magni aut sed fugit magni.',48,0,'2021-05-01 08:37:17','2013-07-07 23:13:40'),(65,27,100,'Voluptatem natus voluptates omnis commodi ut. Vel quaerat unde omnis tempore maiores. Neque eos et alias ut unde reprehenderit.',17,1,'2021-05-01 08:37:17','2020-12-02 00:29:21'),(66,18,91,'Ut quia numquam aliquam rem. Harum error consequuntur laudantium iusto voluptatem ratione ut. Voluptas velit vitae rem dolorum sit aut iste dolores. Repudiandae autem voluptatem qui et pariatur excepturi enim.',42,1,'2021-05-01 08:37:17','2015-08-01 11:56:04'),(67,99,21,'Explicabo expedita dolores et nam id nemo. Ut in eos accusamus impedit cupiditate sed et. Dolore rem id quae in explicabo iste commodi.',58,0,NULL,'2017-10-12 14:05:29'),(68,9,81,'Voluptas et molestiae quas et. Quod magnam modi quis doloribus similique ex iure consectetur. Velit rerum praesentium enim ut earum quia modi. Omnis aut non architecto architecto inventore inventore quod.',63,1,'2021-05-01 08:37:17','2020-11-06 04:10:51'),(69,78,44,'Alias nemo nostrum deserunt inventore velit quis. Voluptates est velit dolores tempora dolor aut hic. At eos quo ut impedit. Temporibus dolorum aut voluptatem qui quisquam ullam.',43,0,NULL,'2020-04-01 13:14:40'),(70,87,4,'Consequatur incidunt dolorem nihil iste. Et dolorem quis recusandae quo vero. Explicabo veritatis quia repudiandae exercitationem aut. Sed nostrum velit sed modi.',22,0,NULL,'2020-05-19 02:34:35'),(71,57,74,'Doloremque itaque doloremque fugit in. Sit fuga voluptatem quia amet sapiente dolores. Ut qui quo explicabo in eos et assumenda qui.',82,1,NULL,'2013-03-08 07:53:03'),(72,97,62,'Aspernatur qui voluptatem dolorem commodi minus culpa rem. Autem similique animi non recusandae blanditiis et. Et suscipit adipisci labore qui tenetur.',45,1,NULL,'2011-10-22 11:39:08'),(73,18,3,'Ullam deserunt quo quaerat magnam quas quis officia. Atque aut ut esse possimus. Id dolorem et consectetur aut et dignissimos. Distinctio nemo qui distinctio ipsum et laudantium.',76,0,'2021-05-01 08:37:17','2012-08-16 21:58:59'),(74,63,3,'Nemo velit et enim dolores magni. Eos ipsum ut commodi eligendi. Quia exercitationem error pariatur aut et error exercitationem.',46,1,NULL,'2019-06-24 20:14:18'),(75,25,15,'Molestias eum ea aut ea non. Eum vero neque et placeat. Esse excepturi nisi maxime sit qui. Omnis voluptas porro aliquam fuga excepturi qui consectetur nesciunt.',100,1,'2021-05-01 08:37:17','2017-07-18 13:35:47'),(76,1,59,'Accusamus ut earum hic ea. Explicabo in beatae delectus dicta aut voluptatem ipsa.',61,0,'2021-05-01 08:37:17','2015-10-20 07:24:51'),(77,93,88,'Vero aut accusamus ut quisquam quidem. Nihil odio unde doloribus rerum consectetur atque sunt eos. Quae repellendus voluptatum minima.',6,1,NULL,'2019-06-21 05:21:21'),(78,61,39,'Ab rem id pariatur dolor. Nostrum corporis atque ratione qui. Debitis porro eos sit eius.',45,1,NULL,'2018-09-14 13:47:27'),(79,12,43,'Dolorem repellendus ipsa reiciendis id unde saepe qui. Tempora ad nihil odit. Dolores quibusdam sequi sunt modi autem accusamus quam eaque. Et molestiae consequatur voluptas harum unde deleniti.',6,1,'2021-05-01 08:37:17','2019-10-14 16:51:18'),(80,80,68,'Delectus dignissimos omnis nisi quia accusamus distinctio rem. Laborum distinctio voluptatem nesciunt ducimus neque accusamus. Et voluptatem quas aut consequatur consectetur est quod quia.',95,1,NULL,'2020-06-27 23:03:27'),(81,2,4,'Et laboriosam et iusto sit cupiditate. Laboriosam dolor minima voluptate id consequatur. Laborum ipsa tenetur repudiandae error et distinctio.',55,1,'2021-05-01 08:37:17','2014-08-24 18:35:23'),(82,15,62,'Molestiae aut qui enim sed. Maxime voluptatem eius veritatis officia culpa rem. Qui aut fugit quas velit quam debitis velit. Minus et nulla velit assumenda alias.',92,1,'2021-05-01 08:37:17','2015-11-28 09:32:31'),(83,66,40,'Ut nisi consectetur repudiandae sed sit consequuntur sequi. Dignissimos voluptatem similique expedita repudiandae. Quae nemo velit iusto vel dolore quos. Atque a recusandae molestiae laudantium et et.',95,1,NULL,'2014-03-29 10:04:18'),(84,4,100,'Optio sit doloremque aut. Dignissimos modi quis voluptates occaecati est. Voluptatem architecto fugiat dolorum ut.',97,1,'2021-05-01 08:37:17','2019-05-09 18:52:38'),(85,85,25,'Ipsa accusantium in aut. Autem repellat autem vel porro. Modi eligendi nobis dolorem at.',1,0,NULL,'2019-03-07 14:01:54'),(86,71,78,'Aut quas velit optio. Eos fugiat ea dolores culpa error. Molestiae consequatur veniam atque ducimus quo iure aliquam.',13,0,NULL,'2011-05-21 21:53:32'),(87,76,47,'Officiis voluptatem veritatis quo ut. Dolores porro provident tenetur laboriosam praesentium ab. Architecto voluptas provident ut optio debitis voluptas exercitationem aliquid. Nulla temporibus sunt consequatur perferendis. Et consequatur suscipit at.',61,1,NULL,'2016-10-13 09:25:14'),(88,6,90,'Quo accusamus aliquam amet eum et est. Nihil laudantium quam quis repellendus itaque et officiis. Sequi minima quasi quod excepturi quisquam itaque.',67,0,'2021-05-01 08:37:17','2020-09-24 21:30:42'),(89,30,79,'Sint consequatur quia ab sed voluptas consequatur. Labore qui aut aut et ullam. Voluptas dolor quaerat quis aut est inventore. Labore ea cum quo nesciunt repellendus consequuntur illum. Quo tempora aperiam velit aliquam et.',52,1,'2021-05-01 08:37:17','2017-08-13 05:09:34'),(90,3,80,'Tempora et voluptas totam eaque. Voluptas officia minima placeat. Quas doloremque architecto aspernatur quaerat et earum praesentium.',59,1,'2021-05-01 08:37:17','2020-04-02 05:47:33'),(91,90,8,'Quo dolore voluptatem qui itaque. Autem mollitia officia sit quod fugiat magni. Et quos architecto nisi ipsum magni. Esse distinctio explicabo fugit iusto magni necessitatibus maiores qui.',36,1,NULL,'2020-08-09 09:13:16'),(92,72,34,'Eos harum nobis qui consequuntur ut nesciunt dolorum vero. Architecto est ipsa tempore veritatis dolorum enim. Provident velit repellendus expedita et enim.',4,1,NULL,'2021-04-17 11:38:06'),(93,55,73,'Nihil dolorem ea voluptate voluptatum distinctio voluptate hic. Quos totam ut omnis ratione qui accusantium. Nobis id sit maiores nemo quas et.',12,0,NULL,'2020-09-14 04:48:02'),(94,100,81,'Occaecati et incidunt temporibus veniam sunt inventore. Distinctio consequatur asperiores quas. Sit id qui sint sunt. Qui voluptatem numquam inventore laborum consectetur.',46,0,NULL,'2020-09-03 11:15:39'),(95,5,81,'Quod atque qui dolores. Iure aut sed ipsa asperiores aliquid quia. Soluta odio nisi hic ad necessitatibus.',96,0,'2021-05-01 08:37:17','2017-04-03 00:19:20'),(96,87,93,'Ea ab doloremque sit culpa optio. Sunt id et beatae velit. Nulla dolores mollitia animi cupiditate. Iusto impedit mollitia dolores sit esse.',39,1,NULL,'2017-06-27 08:58:36'),(97,5,42,'Sit id doloremque numquam odio enim officiis. Quis dicta distinctio quae ea qui sit voluptates. Cupiditate a veritatis dolor ut.',8,0,'2021-05-01 08:37:17','2016-12-10 09:43:03'),(98,98,61,'Velit cupiditate eos alias reiciendis nostrum nesciunt aut. Cupiditate corrupti voluptas nihil qui quia. Voluptas blanditiis dolor similique voluptas eos corrupti ipsa.',21,1,NULL,'2017-07-02 16:23:11'),(99,12,74,'Architecto sed rerum quia ut animi. Rem suscipit maiores vel molestiae dolore voluptates dignissimos. Amet ex dolorem saepe et.',83,0,'2021-05-01 08:37:17','2016-12-24 16:15:40'),(100,36,59,'Rerum provident fuga et quos quod enim omnis. Et aut assumenda consequatur dolorem nesciunt sed. Possimus libero quos nemo hic deleniti. Unde voluptatem illum possimus ex sed.',49,1,'2021-05-01 08:37:17','2011-09-11 19:11:34');
/*!40000 ALTER TABLE `messages` ENABLE KEYS */;
UNLOCK TABLES;

--
-- Table structure for table `profiles`
--

DROP TABLE IF EXISTS `profiles`;
/*!40101 SET @saved_cs_client     = @@character_set_client */;
/*!50503 SET character_set_client = utf8mb4 */;
CREATE TABLE `profiles` (
  `user_id` int unsigned NOT NULL COMMENT '╨б╤Б╤Л╨╗╨║╨░ ╨╜╨░ ╨┐╨╛╨╗╤М╨╖╨╛╨▓╨░╤В╨╡╨╗╤П',
  `gender` char(1) CHARACTER SET utf8mb4 COLLATE utf8mb4_unicode_ci NOT NULL COMMENT '╨Я╨╛╨╗',
  `birthday` date DEFAULT NULL COMMENT '╨Ф╨░╤В╨░ ╤А╨╛╨╢╨┤╨╡╨╜╨╕╤П',
  `city_id` int unsigned DEFAULT NULL COMMENT '╨б╤Б╤Л╨╗╨║╨░ ╨╜╨░ ╨│╨╛╤А╨╛╨┤ ╨┐╤А╨╛╨╢╨╕╨▓╨░╨╜╨╕╤П',
  `created_at` datetime DEFAULT CURRENT_TIMESTAMP COMMENT '╨Т╤А╨╡╨╝╤П ╤Б╨╛╨╖╨┤╨░╨╜╨╕╤П ╤Б╤В╤А╨╛╨║╨╕',
  `updated_at` datetime DEFAULT CURRENT_TIMESTAMP ON UPDATE CURRENT_TIMESTAMP COMMENT '╨Т╤А╨╡╨╝╤П ╨╛╨▒╨╜╨╛╨▓╨╗╨╡╨╜╨╕╤П ╤Б╤В╤А╨╛╨║╨╕',
  PRIMARY KEY (`user_id`)
) ENGINE=InnoDB DEFAULT CHARSET=utf8mb4 COLLATE=utf8mb4_unicode_ci COMMENT='╨Я╤А╨╛╤Д╨╕╨╗╨╕';
/*!40101 SET character_set_client = @saved_cs_client */;

--
-- Dumping data for table `profiles`
--

LOCK TABLES `profiles` WRITE;
/*!40000 ALTER TABLE `profiles` DISABLE KEYS */;
INSERT INTO `profiles` VALUES (1,'m','1984-12-22',30,'2018-04-18 22:05:44','2021-05-01 11:22:51'),(2,'m','1980-01-19',90,'2020-04-18 06:12:25','2021-05-01 11:22:51'),(3,'f','1987-04-06',58,'2014-04-27 07:56:58','2021-05-01 11:22:51'),(4,'m','1996-02-27',19,'2015-02-26 14:36:55','2021-05-01 11:22:51'),(5,'f','1998-01-09',21,'2021-01-10 03:30:18','2021-05-01 11:22:51'),(6,'m','1980-09-03',48,'2013-06-26 04:58:14','2021-05-01 11:22:51'),(7,'f','1993-03-10',78,'2017-03-27 04:08:19','2021-05-01 11:22:51'),(8,'m','1981-12-21',45,'2015-05-10 16:00:54','2021-05-01 11:22:51'),(9,'f','1993-03-16',89,'2013-04-11 11:03:20','2021-05-01 11:22:51'),(10,'m','1999-02-20',12,'2021-04-02 08:07:28','2021-05-01 11:22:51'),(11,'m','1995-02-05',93,'2012-02-29 21:17:24','2021-05-01 11:22:51'),(12,'f','1999-01-16',27,'2017-03-29 19:56:37','2021-05-01 11:22:51'),(13,'f','1988-12-12',55,'2014-05-26 18:25:18','2021-05-01 11:22:51'),(14,'f','1989-07-22',92,'2018-11-28 11:22:11','2021-05-01 11:22:51'),(15,'f','1980-12-07',96,'2021-02-10 21:06:02','2021-05-01 11:22:51'),(16,'f','1998-12-03',3,'2016-11-29 09:37:52','2021-05-01 11:22:51'),(17,'f','1988-11-17',26,'2017-08-23 20:49:30','2021-05-01 11:22:51'),(18,'m','1989-07-29',22,'2012-04-01 08:29:13','2021-05-01 11:22:51'),(19,'f','1981-03-29',32,'2018-04-03 21:27:39','2021-05-01 11:22:51'),(20,'m','1979-06-03',93,'2017-01-13 14:38:47','2021-05-01 11:22:51'),(21,'f','1995-04-25',68,'2017-03-11 23:16:28','2021-05-01 11:22:51'),(22,'f','1996-05-12',61,'2015-04-10 05:31:24','2021-05-01 11:22:51'),(23,'m','1995-11-15',100,'2020-03-13 07:04:46','2021-05-01 11:22:51'),(24,'m','1990-04-07',16,'2013-08-17 09:52:46','2021-05-01 11:22:51'),(25,'f','1984-09-08',81,'2014-12-09 15:35:17','2021-05-01 11:22:51'),(26,'f','1994-07-30',56,'2013-05-06 20:28:34','2021-05-01 11:22:51'),(27,'m','1997-11-08',38,'2019-03-20 14:49:18','2021-05-01 11:22:51'),(28,'m','1984-07-23',18,'2013-04-01 10:35:41','2021-05-01 11:22:51'),(29,'f','1992-02-25',79,'2016-07-29 11:35:57','2021-05-01 11:22:51'),(30,'m','1986-02-08',37,'2014-11-29 11:59:46','2021-05-01 11:22:51'),(31,'f','1996-01-05',51,'2012-06-24 07:07:10','2021-05-01 11:22:51'),(32,'m','1979-10-19',42,'2020-11-30 11:14:15','2021-05-01 11:22:51'),(33,'f','1994-11-05',56,'2017-04-02 16:33:11','2021-05-01 11:22:51'),(34,'m','1992-11-16',52,'2014-08-25 06:51:06','2021-05-01 11:22:51'),(35,'f','1979-11-09',94,'2021-02-15 16:49:04','2021-05-01 11:22:51'),(36,'m','1983-07-23',13,'2018-08-03 05:47:09','2021-05-01 11:22:51'),(37,'f','1999-03-11',83,'2015-12-24 03:53:50','2021-05-01 11:22:51'),(38,'f','1982-05-12',75,'2016-08-09 07:07:44','2021-05-01 11:22:51'),(39,'f','1998-02-12',26,'2015-01-30 06:37:44','2021-05-01 11:22:51'),(40,'m','1980-08-03',5,'2014-02-15 00:33:25','2021-05-01 11:22:51'),(41,'f','1992-06-24',46,'2018-08-16 05:30:10','2021-05-01 11:22:51'),(42,'m','1999-08-29',13,'2017-04-25 23:25:24','2021-05-01 11:22:51'),(43,'f','1999-11-19',29,'2020-03-09 07:01:55','2021-05-01 11:22:51'),(44,'f','1979-06-16',6,'2017-11-17 22:35:01','2021-05-01 11:22:51'),(45,'m','1981-07-11',42,'2019-12-09 14:02:13','2021-05-01 11:22:51'),(46,'m','1990-03-24',90,'2013-12-27 11:26:59','2021-05-01 11:22:51'),(47,'m','1985-07-31',25,'2016-02-17 06:54:02','2021-05-01 11:22:51'),(48,'f','1999-03-03',52,'2014-02-02 21:47:35','2021-05-01 11:22:51'),(49,'f','1997-02-23',85,'2019-10-08 03:27:23','2021-05-01 11:22:51'),(50,'m','1988-03-28',70,'2015-05-09 06:00:56','2021-05-01 11:22:51'),(51,'m','1991-09-09',94,'2013-03-26 01:06:59','2021-05-01 11:22:51'),(52,'m','1993-09-21',58,'2016-05-12 04:48:22','2021-05-01 11:22:51'),(53,'f','1993-07-19',8,'2011-07-06 13:31:09','2021-05-01 11:22:51'),(54,'f','1986-07-25',64,'2016-02-04 16:35:31','2021-05-01 11:22:51'),(55,'m','1994-02-14',98,'2018-09-09 02:50:26','2021-05-01 11:22:51'),(56,'m','1989-12-12',98,'2012-01-22 04:48:15','2021-05-01 11:22:51'),(57,'m','1988-05-02',94,'2020-03-20 14:18:37','2021-05-01 11:22:51'),(58,'m','1992-10-21',76,'2018-09-27 15:45:10','2021-05-01 11:22:51'),(59,'f','1999-01-09',97,'2019-02-19 04:13:08','2021-05-01 11:22:51'),(60,'f','1995-09-21',57,'2014-07-19 07:22:59','2021-05-01 11:22:51'),(61,'f','1981-07-17',92,'2014-11-24 19:02:25','2021-05-01 11:22:51'),(62,'f','1983-06-17',88,'2012-06-15 15:08:26','2021-05-01 11:22:51'),(63,'f','1993-08-20',62,'2014-04-13 19:43:05','2021-05-01 11:22:51'),(64,'m','1996-10-30',49,'2015-03-15 12:44:25','2021-05-01 11:22:51'),(65,'f','1982-04-09',57,'2011-10-06 05:50:29','2021-05-01 11:22:51'),(66,'m','1983-10-10',37,'2016-11-12 12:40:20','2021-05-01 11:22:51'),(67,'f','1993-01-09',13,'2018-12-31 12:35:31','2021-05-01 11:22:51'),(68,'m','1992-10-31',55,'2012-05-04 00:47:52','2021-05-01 11:22:51'),(69,'f','1985-01-31',36,'2011-09-24 15:35:22','2021-05-01 11:22:51'),(70,'f','1988-11-14',12,'2016-09-03 19:04:50','2021-05-01 11:22:51'),(71,'m','1989-02-05',54,'2012-01-18 16:38:01','2021-05-01 11:22:51'),(72,'f','1999-11-05',32,'2020-11-26 02:03:28','2021-05-01 11:22:51'),(73,'m','1989-12-24',99,'2016-09-04 05:43:18','2021-05-01 11:22:51'),(74,'f','1992-04-22',97,'2021-02-27 09:36:40','2021-05-01 11:22:51'),(75,'f','1991-08-07',90,'2013-10-27 11:44:17','2021-05-01 11:22:51'),(76,'m','1981-01-26',57,'2019-08-26 20:46:47','2021-05-01 11:22:51'),(77,'m','1993-06-20',17,'2019-06-22 18:33:51','2021-05-01 11:22:51'),(78,'m','1982-03-10',11,'2017-03-18 19:17:35','2021-05-01 11:22:51'),(79,'f','1993-06-13',2,'2012-04-02 18:45:03','2021-05-01 11:22:51'),(80,'f','1999-09-13',79,'2018-05-17 18:34:00','2021-05-01 11:22:51'),(81,'f','1997-03-09',88,'2013-06-13 23:54:05','2021-05-01 11:22:51'),(82,'m','1986-10-28',1,'2012-05-11 06:58:15','2021-05-01 11:22:51'),(83,'f','1984-07-03',43,'2018-05-12 07:45:15','2021-05-01 11:22:51'),(84,'f','1983-01-09',10,'2017-12-18 14:08:48','2021-05-01 11:22:51'),(85,'m','1982-07-29',21,'2020-09-02 17:05:15','2021-05-01 11:22:51'),(86,'f','1984-10-06',76,'2011-07-03 21:39:42','2021-05-01 11:22:51'),(87,'f','1997-01-27',16,'2020-08-12 10:38:38','2021-05-01 11:22:51'),(88,'f','1989-02-16',51,'2014-11-25 05:45:22','2021-05-01 11:22:51'),(89,'f','1996-05-11',7,'2019-12-13 19:48:50','2021-05-01 11:22:51'),(90,'f','1993-06-09',81,'2016-04-05 23:30:46','2021-05-01 11:22:51'),(91,'m','1999-01-30',83,'2016-10-06 21:33:35','2021-05-01 11:22:51'),(92,'m','1994-02-11',71,'2014-04-02 00:54:49','2021-05-01 11:22:51'),(93,'f','1994-04-22',8,'2018-11-01 14:01:56','2021-05-01 11:22:51'),(94,'m','1989-03-06',25,'2015-08-11 20:49:37','2021-05-01 11:22:51'),(95,'m','1983-12-09',1,'2019-10-31 00:41:13','2021-05-01 11:22:51'),(96,'m','1994-02-08',31,'2019-08-10 05:15:05','2021-05-01 11:22:51'),(97,'m','1997-09-26',48,'2020-03-08 06:09:53','2021-05-01 11:22:51'),(98,'f','1985-05-22',49,'2020-06-24 17:44:09','2021-05-01 11:22:51'),(99,'m','1996-08-24',1,'2015-10-10 01:47:52','2021-05-01 11:22:51'),(100,'m','1985-02-14',55,'2019-04-16 11:04:41','2021-05-01 11:22:51');
/*!40000 ALTER TABLE `profiles` ENABLE KEYS */;
UNLOCK TABLES;

--
-- Table structure for table `users`
--

DROP TABLE IF EXISTS `users`;
/*!40101 SET @saved_cs_client     = @@character_set_client */;
/*!50503 SET character_set_client = utf8mb4 */;
CREATE TABLE `users` (
  `id` int unsigned NOT NULL AUTO_INCREMENT COMMENT '╨Ш╨┤╨╡╨╜╤В╨╕╤Д╨╕╨║╨░╤В╨╛╤А ╤Б╤В╤А╨╛╨║╨╕',
  `first_name` varchar(100) CHARACTER SET utf8mb4 COLLATE utf8mb4_unicode_ci NOT NULL COMMENT '╨Ш╨╝╤П ╨┐╨╛╨╗╤М╨╖╨╛╨▓╨░╤В╨╡╨╗╤П',
  `last_name` varchar(100) CHARACTER SET utf8mb4 COLLATE utf8mb4_unicode_ci NOT NULL COMMENT '╨д╨░╨╝╨╕╨╗╨╕╤П ╨┐╨╛╨╗╤М╨╖╨╛╨▓╨░╤В╨╡╨╗╤П',
  `email` varchar(100) CHARACTER SET utf8mb4 COLLATE utf8mb4_unicode_ci NOT NULL COMMENT '╨Я╨╛╤З╤В╨░',
  `phone` varchar(100) CHARACTER SET utf8mb4 COLLATE utf8mb4_unicode_ci NOT NULL COMMENT '╨в╨╡╨╗╨╡╤Д╨╛╨╜',
  `created_at` datetime DEFAULT CURRENT_TIMESTAMP COMMENT '╨Т╤А╨╡╨╝╤П ╤Б╨╛╨╖╨┤╨░╨╜╨╕╤П ╤Б╤В╤А╨╛╨║╨╕',
  `updated_at` datetime DEFAULT CURRENT_TIMESTAMP ON UPDATE CURRENT_TIMESTAMP COMMENT '╨Т╤А╨╡╨╝╤П ╨╛╨▒╨╜╨╛╨▓╨╗╨╡╨╜╨╕╤П ╤Б╤В╤А╨╛╨║╨╕',
  PRIMARY KEY (`id`),
  UNIQUE KEY `email` (`email`),
  UNIQUE KEY `phone` (`phone`)
) ENGINE=InnoDB AUTO_INCREMENT=101 DEFAULT CHARSET=utf8mb4 COLLATE=utf8mb4_unicode_ci COMMENT='╨Я╨╛╨╗╤М╨╖╨╛╨▓╨░╤В╨╡╨╗╨╕';
/*!40101 SET character_set_client = @saved_cs_client */;

--
-- Dumping data for table `users`
--

LOCK TABLES `users` WRITE;
/*!40000 ALTER TABLE `users` DISABLE KEYS */;
INSERT INTO `users` VALUES (1,'Alexandre','Armstrong','xsimonis@example.net','1-789-157-0953','2021-04-20 04:57:21','2021-05-01 10:39:24'),(2,'Meaghan','Kemmer','armstrong.rosalind@example.org','1-573-229-3938x663','2016-11-26 14:06:40','2021-05-01 10:39:24'),(3,'Johnathan','O\'Hara','jenkins.delphia@example.net','1-488-788-3357x01758','2019-09-15 15:34:50','2021-05-01 10:39:24'),(4,'Hailie','Jast','vanessa.rutherford@example.com','(264)470-1439x628','2011-09-24 10:56:51','2013-05-15 07:16:00'),(5,'Eliezer','Price','fay.crist@example.com','07736686240','2011-05-10 17:59:26','2013-04-13 22:22:35'),(6,'Laron','Ullrich','qnolan@example.org','04214702854','2021-04-16 15:53:55','2021-05-01 10:39:24'),(7,'Mckenna','Hills','cory.mante@example.org','(825)911-3374x96243','2014-04-30 15:58:03','2021-05-01 10:39:24'),(8,'Joanie','Gibson','mose.nitzsche@example.net','1-261-506-4502x1456','2013-03-08 16:05:55','2015-05-19 14:51:16'),(9,'Mckenzie','Pagac','giovani.wehner@example.org','(900)377-2039x88200','2015-04-21 17:46:17','2017-11-26 13:59:57'),(10,'Collin','Greenfelder','laverne32@example.net','505-564-0038x52578','2016-06-22 21:45:29','2021-05-01 10:39:24'),(11,'Berneice','Prosacco','kaelyn00@example.org','01851777059','2012-10-19 17:47:43','2013-02-12 01:45:29'),(12,'Matilda','Gutmann','idicki@example.org','758.864.1051','2016-08-16 20:37:41','2021-05-01 10:39:24'),(13,'Darron','Kuhn','lelia90@example.org','1-195-824-0753','2020-05-21 16:51:14','2021-05-01 10:39:24'),(14,'Christ','Swaniawski','michaela12@example.com','+03(3)2566087928','2015-01-04 18:43:56','2018-02-28 18:06:40'),(15,'Flossie','Farrell','shand@example.com','175.308.1129x527','2020-10-08 06:07:22','2021-05-01 10:39:24'),(16,'Jillian','Wyman','schinner.jordyn@example.net','118.120.5345x414','2017-02-03 23:51:12','2019-12-31 01:02:10'),(17,'Candido','Yost','howell.elizabeth@example.net','05896114308','2016-06-17 23:15:53','2018-02-10 19:07:20'),(18,'Richard','Erdman','roderick59@example.com','(893)389-0444x11784','2012-02-19 16:26:26','2020-10-03 18:02:26'),(19,'August','Jenkins','lina93@example.com','+05(5)4673267239','2020-09-07 01:29:08','2021-03-02 03:33:46'),(20,'Harvey','Dietrich','kyra98@example.com','1-351-032-9135x925','2014-09-14 17:05:56','2016-06-28 22:20:50'),(21,'Jena','Bernier','schaden.austyn@example.com','1-291-157-6276x311','2017-01-07 07:31:17','2021-05-01 10:39:24'),(22,'Arne','Will','okuneva.marley@example.net','179.964.5364x45908','2019-06-27 06:38:28','2021-05-01 10:39:24'),(23,'Kamille','Mills','kuhic.maxwell@example.com','(340)783-0546','2015-11-25 01:48:32','2017-01-26 06:28:15'),(24,'Reina','Walter','jo39@example.net','890.904.3523','2015-09-09 20:56:27','2020-07-02 01:17:09'),(25,'Brennon','Raynor','katrine78@example.com','1-953-470-9632','2011-09-15 12:30:48','2014-02-11 17:45:45'),(26,'Devonte','Jaskolski','jacobi.sanford@example.com','(082)561-8211','2014-07-05 23:37:22','2020-10-05 12:15:44'),(27,'Al','Wisoky','sarah02@example.org','771-606-4306','2014-04-02 01:20:16','2016-05-09 13:17:52'),(28,'Sage','Bahringer','olin74@example.org','+98(3)9443397488','2020-07-24 20:55:55','2021-05-01 10:39:24'),(29,'Colten','Daugherty','jeanie.aufderhar@example.net','262-046-8543x90537','2018-12-08 03:46:01','2021-05-01 10:39:24'),(30,'Waylon','Hegmann','larissa.graham@example.org','913-337-5441x9464','2013-12-06 20:52:57','2021-05-01 10:39:24'),(31,'Kirstin','Kunze','cparker@example.org','(921)549-6346x978','2015-12-31 06:53:37','2018-01-07 01:04:50'),(32,'Mara','Bode','kurtis75@example.net','338.791.5893x2196','2013-09-09 01:43:38','2021-05-01 10:39:24'),(33,'Tina','Kovacek','dschaden@example.org','1-947-291-4615x285','2016-09-14 01:00:11','2021-05-01 10:39:24'),(34,'Madie','Kunde','jaren.ortiz@example.com','08295506613','2018-06-15 10:23:21','2021-05-01 10:39:24'),(35,'Kaylah','Crooks','ada13@example.net','679.821.4819','2020-01-08 18:06:54','2020-03-27 15:56:45'),(36,'Rickey','Frami','sipes.sydney@example.com','1-340-126-9572','2020-02-21 07:37:11','2021-03-04 11:32:18'),(37,'Titus','Pagac','zzemlak@example.org','+59(4)4375643796','2017-04-22 02:54:47','2021-05-01 10:39:24'),(38,'Jaiden','Schneider','jhaag@example.net','1-680-090-4521','2017-06-19 12:14:14','2021-05-01 10:39:24'),(39,'Terence','Lang','parisian.beaulah@example.net','+99(9)4385534850','2019-11-25 21:22:58','2020-05-09 00:51:02'),(40,'Adela','Kulas','garrett.casper@example.org','(157)958-4519x328','2017-04-14 18:07:57','2021-05-01 10:39:24'),(41,'Raoul','Stroman','gadams@example.net','629-455-9918x5268','2012-09-11 20:41:05','2015-04-09 09:06:08'),(42,'Mervin','Parker','felipa.satterfield@example.net','+55(6)3245930031','2011-10-11 04:00:10','2012-10-11 06:33:43'),(43,'Carmela','Weber','bernhard.leonardo@example.org','679.981.9225x8611','2016-10-05 21:06:28','2020-09-15 11:06:05'),(44,'Pete','Konopelski','norris.donnelly@example.com','1-675-430-7387','2020-11-14 08:03:10','2021-05-01 10:39:24'),(45,'Sienna','Casper','hilton04@example.org','1-236-641-9192','2012-09-27 12:07:11','2014-12-08 05:04:56'),(46,'David','Gaylord','lschneider@example.org','907-127-2075','2020-05-29 01:38:12','2021-05-01 10:39:24'),(47,'Polly','Rodriguez','hilll.eva@example.org','(662)106-4062','2016-06-13 14:26:11','2021-05-01 10:39:24'),(48,'Gretchen','Schaden','vhermiston@example.com','1-624-036-6609x73491','2016-05-24 09:50:39','2019-10-27 16:01:52'),(49,'Aglae','Robel','johnston.dylan@example.org','+93(3)8060389023','2016-03-31 16:50:55','2019-04-17 16:33:40'),(50,'Romaine','Gusikowski','xwuckert@example.net','1-497-722-7296x5585','2015-03-05 19:28:06','2021-05-01 10:39:24'),(51,'Jane','Bins','neil36@example.net','(927)730-0973x92631','2019-06-21 23:46:52','2021-05-01 10:39:24'),(52,'Trenton','Waelchi','gunner.quitzon@example.org','(938)726-2236','2014-02-03 11:50:30','2014-07-25 01:55:34'),(53,'Napoleon','Hane','ernser.lizzie@example.org','689-185-5935','2020-08-24 23:59:23','2021-05-01 10:39:24'),(54,'Hayley','Williamson','tre11@example.org','01384865718','2018-12-07 09:10:32','2019-11-10 16:18:24'),(55,'Elyssa','Wisoky','owen76@example.com','403.973.6054x591','2018-09-03 18:56:40','2019-08-07 13:13:46'),(56,'Robert','Braun','ajacobi@example.net','+15(3)5881367737','2013-01-02 08:47:14','2019-02-21 04:53:12'),(57,'Alvah','Ernser','emmitt.hauck@example.com','179.811.2359x8200','2014-05-06 14:35:39','2014-10-12 05:13:28'),(58,'Shemar','Schoen','qjenkins@example.net','416-420-1163x278','2018-02-22 11:03:36','2021-05-01 10:39:24'),(59,'Lucile','Cole','dooley.buster@example.net','(189)595-6333x7246','2019-08-11 00:53:56','2021-05-01 10:39:24'),(60,'Alejandrin','Abshire','kelsi12@example.com','658-792-9101','2020-10-24 00:46:46','2021-05-01 10:39:24'),(61,'Quentin','Hane','eo\'kon@example.net','09377508244','2016-01-30 11:06:39','2020-04-20 17:31:32'),(62,'Arnulfo','Skiles','jovani49@example.org','+31(0)6612052444','2017-05-13 12:53:03','2021-05-01 10:39:24'),(63,'Roxanne','Schimmel','jon63@example.net','+16(3)7201062811','2011-09-24 10:16:08','2015-12-05 09:54:32'),(64,'Terrence','Price','zoe.ledner@example.net','086.782.3843x7522','2019-12-18 13:14:23','2021-05-01 10:39:24'),(65,'Chaim','Brakus','kenyatta15@example.org','+81(2)8040464647','2015-08-07 07:44:36','2015-12-06 22:28:44'),(66,'Jeffry','Hyatt','dewitt56@example.com','635-240-4296','2018-02-02 04:23:22','2020-04-05 15:04:26'),(67,'Vilma','Grimes','xwolf@example.org','241-236-5881','2020-03-14 04:47:39','2021-05-01 10:39:24'),(68,'Priscilla','Hermiston','maud.yost@example.com','354.419.7320','2016-05-12 23:27:46','2021-04-05 07:42:27'),(69,'Abigayle','Konopelski','kessler.theresia@example.org','(468)831-6261x8084','2011-08-27 01:20:13','2013-01-02 00:26:31'),(70,'Katheryn','Schmeler','maryam94@example.net','(571)625-0222x12156','2014-01-19 10:30:58','2017-12-19 22:04:53'),(71,'Violet','Powlowski','schowalter.uriel@example.com','1-093-831-4018x8911','2013-02-23 11:49:37','2021-05-01 10:39:24'),(72,'Guy','Abshire','klein.janae@example.com','303.997.8876','2020-02-20 23:54:46','2021-05-01 10:39:24'),(73,'Ewald','Sawayn','leopoldo59@example.org','1-929-712-9998x62793','2011-09-02 01:44:26','2016-03-08 03:56:12'),(74,'Johanna','Hessel','mueller.korey@example.org','671-277-7346x7705','2020-11-18 23:42:28','2021-05-01 10:39:24'),(75,'Verda','Spencer','harry.douglas@example.org','613-387-2610x2347','2020-11-19 00:47:28','2021-05-01 10:39:24'),(76,'Jalen','Heathcote','ycollier@example.com','(037)618-1119x1166','2017-12-29 16:24:16','2021-05-01 10:39:24'),(77,'Ahmed','Kerluke','serena.tromp@example.net','07178479175','2015-02-18 07:58:33','2021-05-01 10:39:24'),(78,'Nella','Ritchie','jimmy54@example.net','08642224127','2020-11-10 03:39:10','2021-05-01 10:39:24'),(79,'Camren','Kohler','iterry@example.org','611-883-7373','2019-04-18 07:54:41','2021-05-01 10:39:24'),(80,'Vernice','Beatty','emiliano62@example.org','(183)139-2504','2015-08-16 12:18:46','2017-10-22 08:29:28'),(81,'Deanna','Lang','considine.garrett@example.net','290.366.5728','2011-06-05 12:01:40','2020-08-03 06:23:04'),(82,'Sid','Dietrich','borer.maia@example.net','601.554.9169','2017-09-05 23:07:21','2019-03-14 06:39:32'),(83,'Tamara','Powlowski','efeest@example.net','1-520-905-4444','2018-11-11 13:18:51','2020-04-26 01:10:30'),(84,'Lorena','Strosin','qframi@example.com','785-126-5871x40478','2013-01-29 12:44:17','2017-12-20 13:46:28'),(85,'Albertha','Beatty','mckenzie.chase@example.net','854.521.4864x712','2018-04-21 02:53:22','2021-05-01 10:39:24'),(86,'Eric','Denesik','dkuvalis@example.net','(141)176-5286x5331','2016-12-08 22:45:57','2021-05-01 10:39:24'),(87,'Dakota','Pfeffer','dmorissette@example.org','(430)795-8488','2016-06-14 02:43:59','2016-11-23 20:23:29'),(88,'Albertha','Denesik','kmiller@example.net','584.039.4955x391','2012-04-25 17:46:37','2017-02-17 18:37:10'),(89,'Janis','Huel','adams.ephraim@example.net','00106414056','2012-04-22 17:42:15','2014-02-13 21:07:00'),(90,'Oliver','Daniel','monahan.ebba@example.org','525.060.4896','2018-02-04 01:53:16','2021-05-01 10:39:24'),(91,'Kirk','Runolfsson','jacky64@example.com','(405)116-6071x6223','2017-04-03 20:31:25','2018-07-05 04:48:11'),(92,'Jalen','Feil','lukas.waters@example.com','+26(5)0811823810','2014-04-27 23:20:37','2020-03-23 18:59:07'),(93,'Martine','Breitenberg','gwitting@example.org','548.465.6691','2014-01-18 14:35:00','2015-08-09 05:56:47'),(94,'Dovie','Parker','o\'kon.cary@example.com','543.083.6784x2865','2019-12-15 13:09:36','2021-05-01 10:39:24'),(95,'Theo','Batz','lorine26@example.net','1-518-848-7228','2019-03-23 17:07:07','2019-07-24 10:53:05'),(96,'Albertha','Jones','alysa.klein@example.org','00469378298','2021-03-18 00:27:20','2021-05-01 10:39:24'),(97,'Jeanie','Tillman','georgette.renner@example.net','395-912-3174x33419','2015-07-18 05:12:14','2021-05-01 10:39:24'),(98,'Cullen','Douglas','boris66@example.org','+98(6)8137381612','2020-11-10 16:20:22','2021-05-01 10:39:24'),(99,'Boris','Shields','jones.hiram@example.net','391.594.3439','2015-11-06 14:45:20','2019-10-01 08:23:50'),(100,'Oliver','Frami','swift.darwin@example.net','1-414-610-1718','2019-05-23 22:14:34','2021-05-01 10:39:24');
/*!40000 ALTER TABLE `users` ENABLE KEYS */;
UNLOCK TABLES;
/*!40103 SET TIME_ZONE=@OLD_TIME_ZONE */;

/*!40101 SET SQL_MODE=@OLD_SQL_MODE */;
/*!40014 SET FOREIGN_KEY_CHECKS=@OLD_FOREIGN_KEY_CHECKS */;
/*!40014 SET UNIQUE_CHECKS=@OLD_UNIQUE_CHECKS */;
/*!40101 SET CHARACTER_SET_CLIENT=@OLD_CHARACTER_SET_CLIENT */;
/*!40101 SET CHARACTER_SET_RESULTS=@OLD_CHARACTER_SET_RESULTS */;
/*!40101 SET COLLATION_CONNECTION=@OLD_COLLATION_CONNECTION */;
/*!40111 SET SQL_NOTES=@OLD_SQL_NOTES */;

-- Dump completed on 2021-05-02 15:38:47
